,country,oa_clim_dri,oa_clim_vuln_adj_inc_reg,oa_proj_concern_adj_cost_prob_succ,oa_pop_2008,oa_clim_dri_ind_aid_share,oa_vuln_ind_aid_share,oa_proj_concern_ind_aid_share,ew_clim_dri,ew_clim_vuln_adj_inc_reg,ew_proj_concern_adj_cost_prob_succ,ew_pop_2008,ew_clim_dri_ind_aid_share,ew_vuln_ind_aid_share,ew_proj_concern_ind_aid_share,slr_clim_dri,slr_clim_vuln_adj_inc_reg,slr_proj_concern_adj_cost_prob_succ,slr_storm_surge_pop_2008,slr_clim_dri_ind_aid_share,slr_vuln_ind_aid_share,slr_proj_concern_ind_aid_share,apl_clim_dri,apl_clim_vuln_adj_inc_reg,apl_proj_concern_adj_cost_prob_succ,apl_rural_pop_2008,apl_clim_dri_ind_aid_share,apl_vuln_ind_aid_share,apl_proj_concern_ind_aid_share,income_per_cap_2008,kkm_reg_qual_2008,area,island,small_island,world_region,world_bank_region,world_sub_region,iso3,income_status,world_bank_lending_class
0,Afghanistan,31.03,14.833,20.049,27658.89,278.3422,1420.95752,177.26349,0.72944,1.007006,0.4841794,27658.89,10.07418,73.73956,6.43203,0.0,0.0,0.0,-9999,-9999,-9999,-9999,41.1,18.28773,26.84534,21009.69,755.2997,2524.17676,478.92194,806,-1.58,652230,0,0,Asia,SAS,Western Asia,AFG,Low Income,IDA
1,Albania,7.857,0.266,8.502,2984.12,7.604027,2.74685,8.11008,0.02174,0.0021233,0.0241625,2984.12,0.032388,0.01678,0.03463,11.46,1.212315,9.356777,115.54,46.06562,15.16289,49.03151,14.31,0.4505582,15.65352,1589.94,19.90131,4.70622,21.13337,6152,0.16,28748,0,0,Europe,ECA,Eastern Europe,ALB,Lower Middle Income,IBRD
2,Algeria,20.259,1.06,14.357,33769.67,221.8792,124.00842,154.9877,0.01273,0.0019233,0.0092645,33769.67,0.2145742,0.17195,0.15026,2.57,0.4203261,1.373261,164.85,14.72879,7.50093,10.26749,59.9,2.918084,42.91557,11745.09,615.4057,225.1617,428.00357,6625,-0.79,2381741,0,0,Africa,MNA,North Africa,DZA,Upper Middle Income,IBRD
3,American Samoa,2.675,0.067,2.957,64.83,0.0562447,0.01504,0.06128,0.04788,0.0034624,0.054372,64.83,0.00155,0.00059,0.00169,6.63,0.5189148,5.526844,1.41,0.32557,0.07932,0.35397,33.36,0.7775439,37.27833,4.98,0.1452894,0.02543,0.1576,8107,0.36,199,1,1,Oceania,EAP,Pacific Islands,ASM,Upper Middle Income,NC
4,Andorra,0.896,0.006,1.072,82.63,0.0240123,0.00163,0.02832,0.00079,1.44e-05,0.0009674,82.63,3.25e-05,0.0,4e-05,0.0,0.0,0.0,-9999,-9999,-9999,-9999,8.32,0.0491815,10.06461,9.16,0.0666246,0.00296,0.07824,29154,1.35,468,0,0,Europe,ECA,Western Europe,ADO,High Income Non OECD,NC
5,Angola,18.321,1.581,13.176,12531.36,74.4598,68.63931,52.78229,0.12652,0.03154,0.0934786,12531.36,0.7916857,1.04639,0.56262,6.97,1.882005,3.783177,267.43,64.86462,54.4844,45.88711,42.93,3.449304,31.21172,5426.08,203.755,122.95829,143.80692,3940,-0.94,1246700,0,0,Africa,SSA,Central Africa,AGO,Lower Middle Income,IDA
6,Anguilla,28.642,0.497,43.219,14.11,0.1310703,0.02428,0.19494,0.01118,0.00056,0.0173288,14.11,7.88e-05,2e-05,0.00012,35.77,1.94043,40.7284,1.53,1.908793,0.32217,2.83312,65.39,1.055756,99.75008,5.52,0.3158527,0.0383,0.46771,8040,1.35,91,1,1,Latin America & Caribbean,LCR,Caribbean Islands,AIA,Upper Middle Income,NC
7,Antigua and Barbuda,45.815,1.336,58.418,84.52,1.255878,0.391,1.57837,0.10554,0.0088858,0.1382514,84.52,0.0044544,0.00199,0.00561,22.87,2.085575,22.00811,5.88,4.682395,1.32833,5.8728,65.39,1.774507,84.29173,58.78,3.362015,0.68521,4.20693,5855,0.61,443,1,1,Latin America & Caribbean,LCR,Caribbean Islands,ATG,High Income Non OECD,IBRD
8,Argentina,2.142,0.066,1.468,40482.0,28.11682,9.20509,19.00031,0.66234,0.0586382,0.4664969,40482.0,13.38829,6.28458,9.07022,4.31,0.4137294,2.232387,610.52,91.66074,27.34378,61.81506,18.47,0.5270425,12.80115,3238.56,52.32117,11.21341,35.20279,11791,-0.65,2780400,0,0,Latin America & Caribbean,LCR,Southern South America,ARG,Upper Middle Income,IBRD
9,Armenia,4.763,0.183,5.7,2968.59,4.585346,1.87722,5.40944,0.00277,0.0003065,0.0034042,2968.59,0.0041039,0.00241,0.00485,0.0,0.0,0.0,-9999,-9999,-9999,-9999,13.56,0.4839066,16.40852,1072.85,12.72618,3.41067,14.94801,4803,0.32,29743,0,0,Europe,ECA,Eastern Europe,ARM,Lower Middle Income,Blend
10,Aruba,36.784,0.606,45.505,101.54,1.211343,0.2131,1.47703,0.02474,0.0011768,0.031437,101.54,0.0012542,0.00032,0.00153,31.56,1.625909,29.45879,9.8,10.76268,1.72528,13.09663,65.39,1.002717,81.78001,54.04,3.091088,0.35599,3.75266,10766,0.85,180,1,1,Latin America & Caribbean,LCR,Caribbean Islands,ABW,High Income Non OECD,NC
11,Australia,5.065,0.024,6.556,21007.31,34.50532,1.7337,44.02407,0.52016,0.0070675,0.6916988,21007.31,5.456222,0.39307,6.97902,7.64,0.1124567,7.464854,852.72,226.7423,10.38089,288.70438,38.94,0.1705161,50.95089,2365.42,80.56148,2.64981,102.33799,35818,1.78,7741220,0,0,Oceania,EAP,AustraliaNZ,AUS,High Income OECD,NC
12,Austria,2.656,0.013,3.322,8205.53,7.06786,0.37202,8.71415,0.00237,3.37e-05,0.0030455,8205.53,0.0097105,0.00073,0.012,0.0,0.0,0.0,-9999,-9999,-9999,-9999,8.32,0.0381684,10.52057,2694.7,19.61022,0.6757,24.07272,35632,1.64,83871,0,0,Europe,ECA,Western Europe,AUT,High Income OECD,NC
13,Azerbaijan,6.995,0.343,6.444,8177.72,18.55313,9.72574,16.84639,0.00243,0.0003447,0.002301,8177.72,0.009928,0.00746,0.00904,0.0,0.0,0.0,-9999,-9999,-9999,-9999,14.98,0.6842406,13.94646,3931.85,51.50409,17.67445,46.56253,5144,-0.32,86600,0,0,Asia,ECA,Western Asia,AZE,Lower Middle Income,Blend
14,"Bahamas, The",36.099,0.639,47.838,304.73,3.567582,0.6748,4.6599,0.05334,0.0027283,0.0726159,304.73,0.0081161,0.0022,0.01063,100.0,5.539606,100.0,80.62,280.4939,48.34358,365.63068,65.39,1.078091,87.60461,49.67,2.841148,0.3518,3.69489,9212,0.99,13880,1,1,Latin America & Caribbean,LCR,Caribbean Islands,BHS,High Income Non OECD,NC
15,Bahrain,33.805,0.216,33.944,719.17,7.884703,0.53855,7.8035,0.00189,3.49e-05,0.0019499,719.17,0.0006788,7e-05,0.00067,99.11,1.982542,75.09415,215.13,741.8343,46.17012,732.70209,44.93,0.267464,45.60363,82.56,3.24445,0.14507,3.19706,35790,0.88,741,1,1,Asia,MNA,Middle East,BHR,High Income Non OECD,NC
16,Bangladesh,53.377,10.986,50.886,151289.98,2618.993,5756.85693,2460.94629,25.48546,15.14901,24.95955,151289.98,1925.254,6067.75342,1813.65149,31.26,20.12272,22.48662,15312.71,16653.97,33360.0,15620.0,36.11,6.917856,34.7984,110229.89,3481.463,5009.69434,3257.12769,1172,-0.82,143998,0,0,Asia,SAS,Southern Asia,BGD,Low Income,IDA
17,Barbados,38.289,1.024,51.315,283.5,3.520427,1.00543,4.65038,0.05708,0.0044087,0.0785922,283.5,0.0080806,0.00331,0.0107,2.56,0.2141448,2.589186,2.85,0.2540058,0.0661,0.33485,65.39,1.627838,88.59667,170.55,9.755577,1.82394,12.83073,6011,0.77,430,1,1,Latin America & Caribbean,LCR,Caribbean Islands,BRB,High Income Non OECD,NC
18,Belarus,3.497,0.181,1.799,9685.77,10.9854,6.08414,5.57156,0.00159,0.0002384,0.0008413,9685.77,0.0076975,0.00611,0.00391,0.0,0.0,0.0,-9999,-9999,-9999,-9999,13.56,0.6546386,7.05424,2570.6,30.49265,11.05546,15.39789,9847,-1.24,207600,0,0,Europe,ECA,Eastern Europe,BLR,Upper Middle Income,IBRD
19,Belgium,0.38,0.002,0.46,10403.95,1.281109,0.07447,1.52839,0.00248,3.9e-05,0.0030832,10403.95,0.0128815,0.00107,0.01541,4.99,0.0849753,4.559223,196.18,34.07322,1.80467,40.56747,11.15,0.0564815,13.64127,274.66,2.678423,0.10192,3.18151,33566,1.48,30528,0,0,Europe,ECA,Western Europe,BEL,High Income OECD,NC
20,Belize,22.251,0.938,18.959,301.27,2.174092,0.97926,1.82588,0.91385,0.1113103,0.7999157,301.27,0.1374722,0.08878,0.11575,33.76,4.453333,21.70594,26.32,30.91186,12.68702,25.90811,39.43,1.548212,33.96833,145.51,5.019425,1.48004,4.19714,6583,-0.4,22966,0,0,Latin America & Caribbean,LCR,Central America,BLZ,Lower Middle Income,IBRD
21,Benin,31.78,4.989,35.435,8532.55,87.94307,147.42867,96.6491,0.08755,0.0396878,0.1002788,8532.55,0.372993,0.89654,0.41096,22.46,11.02513,18.89384,243.2,190.0203,290.26428,208.40726,54.41,7.950396,61.33038,5017.14,238.7846,262.05057,261.28098,1273,-0.46,112622,0,0,Africa,SSA,Coastal West Africa,BEN,Low Income,IDA
22,Bermuda,5.184,0.025,5.823,67.39,0.1132961,0.00584,0.12544,0.00746,0.0001041,0.0086135,67.39,0.0002511,2e-05,0.00028,41.9,0.6328236,35.51857,8.57,12.49706,0.58723,13.80897,65.39,0.2939261,74.26109,0.0,0.0,0.0,0.0,41423,1.35,54,1,1,Latin America & Caribbean,NAM,Caribbean Islands,BMU,High Income Non OECD,NC
23,Bhutan,22.167,1.783,16.579,682.32,4.905172,4.21451,3.61611,0.03748,0.0087077,0.0287961,682.32,0.0127686,0.01573,0.00944,0.0,0.0,0.0,-9999,-9999,-9999,-9999,34.78,2.604355,26.29457,447.06,13.59914,7.64897,9.98171,4032,-0.86,38394,0,0,Asia,SAS,Southern Asia,BTN,Lower Middle Income,IDA
24,Bolivia,28.537,2.564,19.653,9601.26,88.85949,85.27377,60.31815,4.7546,1.23386,3.363832,9601.26,22.79434,31.36372,15.51205,0.0,0.0,0.0,-9999,-9999,-9999,-9999,71.55,5.984679,49.8132,3304.75,206.8283,129.93321,139.78465,3988,-1.02,1098581,0,0,Latin America & Caribbean,LCR,Andean South America,BOL,Lower Middle Income,Blend
25,Bosnia and Herzegovina,7.321,0.273,6.786,4590.31,10.89895,4.34719,9.95739,0.0166,0.0017905,0.0158066,4590.31,0.0380476,0.02176,0.03485,0.0,-1.01e-09,-6.02e-09,0.26,-7.92e-11,0.0,0.0,14.31,0.4974886,13.40883,2412.67,30.19941,7.88535,27.47037,6716,-0.19,51197,0,0,Europe,ECA,Eastern Europe,BIH,Upper Middle Income,Blend
26,Botswana,30.651,0.488,32.763,1952.05,19.4044,3.29959,20.44406,0.01519,0.0006985,0.0166812,1952.05,0.0148068,0.00361,0.01564,0.0,0.0,0.0,-9999,-9999,-9999,-9999,78.04,1.156626,84.32794,789.02,53.85949,5.99543,56.49817,13293,0.52,581730,0,0,Africa,SSA,Southern Africa,BWA,Upper Middle Income,IBRD
27,Brazil,5.344,0.132,5.449,196342.59,340.3185,89.58106,341.97446,0.82388,0.0586453,0.862873,196342.59,80.77223,30.48468,81.37074,2.76,0.2124481,2.120074,1708.46,163.8162,39.2917,164.27884,32.28,0.740616,33.26913,28312.6,799.4366,137.75684,799.82928,9081,0.19,8514877,0,0,Latin America & Caribbean,LCR,Northern South America,BRA,Upper Middle Income,IBRD
28,British Virgin Islands,31.753,0.331,31.557,24.04,0.2475756,0.02754,0.24251,0.00817,0.0002459,0.0083463,24.04,9.81e-05,2e-05,0.0001,48.46,1.579112,36.34528,3.52,5.933878,0.60155,5.80077,65.39,0.6341173,65.69843,9.41,0.5381584,0.03919,0.52486,22216,0.58,151,1,1,Latin America & Caribbean,LCR,Caribbean Islands,VGB,High Income Non OECD,NC
29,Brunei Darussalam,10.37,0.048,9.474,381.37,1.282636,0.06353,1.15493,0.01409,0.0001887,0.0132212,381.37,0.0026827,0.00019,0.00242,15.03,0.218007,10.35967,21.8,11.39937,0.51451,10.24357,38.94,0.1681031,35.9585,96.03,3.270558,0.10605,2.93212,55381,0.83,5765,0,0,Asia,EAP,Southeast Asia,BRN,High Income Non OECD,NC
30,Bulgaria,4.019,0.07,4.823,7262.67,9.467055,1.75279,11.19791,0.00277,0.0001385,0.0034098,7262.67,0.0100304,0.00266,0.01189,0.0,5.97e-08,9.98e-07,54.23,2.08e-06,0.0,0.0,14.31,0.2309263,17.3601,2098.91,26.27215,3.18426,30.94018,10612,0.75,110879,0,0,Europe,ECA,Eastern Europe,BGR,Upper Middle Income,IBRD
31,Burkina Faso,31.625,5.103,38.378,15264.74,156.5605,269.82117,187.26784,0.03619,0.0168663,0.0451173,15264.74,0.275842,0.68162,0.33078,0.0,0.0,0.0,-9999,-9999,-9999,-9999,40.43,6.073807,49.60427,12278.95,434.2804,489.96228,517.19775,1117,-0.32,274200,0,0,Africa,SSA,Sahelian Africa,BFA,Low Income,IDA
32,Burundi,58.446,41.247,57.736,9139.31,173.2359,1305.6698,168.67665,1.13771,2.318822,1.154582,9139.31,5.191947,56.10668,5.0681,0.0,0.0,0.0,-9999,-9999,-9999,-9999,65.89,43.28638,65.80273,8188.83,471.9754,2328.69873,457.55328,326,-1.18,27830,0,0,Africa,SSA,Central Africa,BDI,Low Income,IDA
33,Cambodia,35.349,4.718,37.691,13957.01,160.0074,228.06337,168.15817,0.96872,0.3733822,1.06109,13957.01,6.751113,13.79685,7.11298,3.85,1.608607,3.10051,204.62,27.4356,35.63224,28.77457,45.09,5.60203,48.60477,10947.88,431.8192,402.91727,451.84042,1581,-0.47,181035,0,0,Asia,EAP,Southeast Asia,KHM,Low Income,IDA
34,Cameroon,14.098,1.642,13.02,18467.69,84.43862,105.04968,76.86295,0.00372,0.0012531,0.0035338,18467.69,0.0343472,0.06127,0.03134,4.26,1.551892,2.968277,529.46,78.46413,88.94839,71.27934,33.28,3.608646,31.06973,7985.43,232.4507,189.31412,210.67448,2156,-0.66,475440,0,0,Africa,SSA,Central Africa,CMR,Lower Middle Income,IDA
35,Canada,1.14,0.005,1.424,33212.7,12.28154,0.62418,15.11897,0.41237,0.0056675,0.5290968,33212.7,6.83878,0.49834,8.44007,4.47,0.0665542,4.214102,569.73,88.63624,4.10473,108.89233,3.49,0.0154789,4.411847,6509.69,19.89675,0.66197,24.38691,36975,1.66,9984670,0,0,North America,NAM,North America,CAN,High Income OECD,NC
36,Cape Verde,21.838,1.523,25.56,493.62,3.495973,2.60381,4.0332,0.01072,0.0021582,0.0128846,493.62,0.0026411,0.00282,0.00305,12.54,2.736004,11.07843,19.78,8.632647,5.85865,9.93899,54.41,3.532232,64.38152,199.32,9.486556,4.62538,10.89671,2708,-0.02,4033,1,1,Africa,SSA,Atlantic Islands,CPV,Lower Middle Income,Blend
37,Cayman Islands,10.641,0.095,12.567,47.86,0.1651789,0.01568,0.19227,0.0101,0.0002593,0.0122515,47.86,0.0002413,3e-05,0.00028,60.28,1.676205,53.71597,8.69,18.22865,1.57713,21.17517,65.39,0.5411943,78.06925,0.0,0.0,0.0,0.0,21138,1.1,264,1,1,Latin America & Caribbean,LCR,Caribbean Islands,CYM,High Income Non OECD,NC
38,Central African Republic,59.724,24.79,48.102,4641.32,89.90031,398.52161,71.36733,0.07131,0.0854856,0.0590033,4641.32,0.165268,1.05043,0.13153,0.0,0.0,0.0,-9999,-9999,-9999,-9999,100.0,38.639,81.4225,2850.7,249.3609,723.63153,197.09332,711,-1.28,622984,0,0,Africa,SSA,Central Africa,CAF,Low Income,IDA
39,Chad,40.422,8.999,28.66,10111.34,132.5544,315.15515,92.63583,0.01698,0.010914,0.0123644,10111.34,0.0857049,0.29216,0.06005,0.0,0.0,0.0,-9999,-9999,-9999,-9999,56.74,11.75832,40.66971,7413.63,367.9493,572.68634,256.02258,1550,-1.26,1284000,0,0,Africa,SSA,Sahelian Africa,TCD,Low Income,IDA
40,Chile,4.746,0.051,6.961,16454.14,25.3271,2.91729,36.61326,0.18074,0.0056296,0.272317,16454.14,1.48493,0.24524,2.15207,1.26,0.0423706,1.390096,164.95,7.208457,0.75657,10.39948,40.6,0.4076093,60.19695,1902.1,67.55003,5.09351,97.2263,13401,1.58,756102,0,0,Latin America & Caribbean,LCR,Southern South America,CHL,Upper Middle Income,IBRD
41,China,100.0,4.879,97.342,1317065.75,42714.51,22260.0,40980.0,100.0,14.09098,100.0,1317065.75,65764.68,49130.0,63260.0,6.56,1.001012,4.818181,23733.21,5416.581,2571.81079,5186.3916,4.99,0.2267162,4.912205,749410.44,3272.228,1116.20154,3125.88037,4842,-0.22,9596961,0,0,Asia,EAP,China,CHN,Lower Middle Income,IBRD
42,Colombia,13.443,0.427,14.886,43141.11,188.089,63.83778,205.28729,3.97477,0.3648105,4.521552,43141.11,85.62267,41.667,93.68835,2.85,0.2836671,2.384591,341.49,33.90765,10.48638,36.93288,38.6,1.141992,43.21341,11000.98,371.4686,82.5344,403.66962,6369,0.24,1138914,0,0,Latin America & Caribbean,LCR,Andean South America,COL,Upper Middle Income,IBRD
43,Comoros,23.711,8.904,15.522,731.78,5.627284,22.56886,3.63092,0.03368,0.0365291,0.0226507,731.78,0.0123069,0.07077,0.00796,10.81,12.69495,5.338984,26.12,9.8208,35.88979,6.32385,33.36,11.66235,22.07821,526.29,15.35834,40.32306,9.86659,1010,-1.51,2235,1,1,Oceania,SSA,Indian Ocean Islands,COM,Low Income,IDA
44,"Congo, Dem. Rep.",15.722,15.106,13.688,66514.51,339.1414,3480.11914,291.0365,0.03382,0.0938603,0.0302532,66514.51,1.123388,16.52845,0.96648,0.02,0.0663999,0.0145158,3.3,0.0025407,0.02376,0.00218,24.46,21.87718,21.52859,43926.18,939.8172,6313.28271,802.99945,279,-1.43,2344858,0,0,Africa,SSA,Central Africa,ZAR,Low Income,IDA
45,"Congo, Rep.",37.73,4.228,24.102,3905.01,47.78315,57.18752,30.08607,0.05558,0.0179887,0.0364754,3905.01,0.1083779,0.18598,0.06841,8.77,3.072296,4.225206,58.12,17.72434,19.32902,11.13724,100.0,10.43186,64.57983,1509.68,132.0569,103.46324,82.78603,3500,-1.19,342000,0,0,Africa,SSA,Central Africa,COG,Lower Middle Income,IDA
46,Cook Islands,25.815,0.736,25.886,12.27,0.1027364,0.03126,0.10154,0.01487,0.0012236,0.0153192,12.27,9.11e-05,4e-05,9e-05,59.16,5.271578,44.76168,2.19,4.514223,1.25159,4.45256,33.36,0.8847892,33.81863,5.88,0.1716471,0.03419,0.16891,8012,0.09,236,1,1,Oceania,EAP,Pacific Islands,COK,Upper Middle Income,NC
47,Costa Rica,15.551,0.331,17.413,4393.24,22.15699,5.03541,24.45378,1.46852,0.0902494,1.689239,4393.24,3.221437,1.04969,3.56437,3.82,0.254285,3.228139,62.53,8.312305,1.72131,9.15531,39.43,0.7811483,44.63908,1614.08,55.67691,8.2832,61.18086,9395,0.47,51100,0,0,Latin America & Caribbean,LCR,Central America,CRI,Upper Middle Income,IBRD
48,Cote d'Ivoire,12.726,2.052,10.645,20179.6,83.28603,143.41528,68.66918,0.0019,0.0008854,0.001634,20179.6,0.019159,0.0473,0.01584,29.39,14.82037,18.55009,627.25,641.3702,1006.34143,527.73407,23.79,3.571248,20.12137,10335.99,215.125,242.50046,176.59799,1754,-0.93,322463,0,0,Africa,SSA,Coastal West Africa,CIV,Lower Middle Income,IDA
49,Croatia,5.955,0.088,6.205,4491.54,8.675109,1.36508,8.90832,0.003,0.0001278,0.003215,4491.54,0.006737,0.00152,0.00694,1.77,0.081413,1.388843,39.61,2.434494,0.34906,2.49486,14.31,0.1962644,15.07132,1918.79,24.01751,2.47405,24.5558,14821,0.5,56594,0,0,Europe,ECA,Eastern Europe,HRV,High Income Non OECD,IBRD
50,Cuba,16.21,4.182,9.056,11423.95,60.05904,165.47807,33.07189,0.1682,0.1253212,0.0965337,11423.95,0.9594529,3.79031,0.52967,14.81,11.95406,6.24532,467.02,240.7259,604.36328,132.28784,65.39,15.70418,36.93217,2780.59,159.0494,286.87491,87.20029,1783,-1.59,110860,1,0,Latin America & Caribbean,LCR,Caribbean Islands,CUB,Upper Middle Income,NC
51,Cyprus,2.588,0.02,3.117,1066.82,0.8955405,0.07215,1.06303,0.00332,7.24e-05,0.004113,1066.82,0.0017709,0.0002,0.00211,6.85,0.1617187,6.228459,24.51,5.84504,0.4291,6.92409,8.32,0.0584237,10.12885,321.11,2.33684,0.12325,2.7618,24341,1.25,9251,1,1,Europe,ECA,Western Europe,CYP,High Income Non OECD,NC
52,Czech Republic,2.146,0.019,2.51,10220.91,7.11235,0.65976,8.20057,0.00445,0.0001117,0.0053505,10220.91,0.0227228,0.00302,0.02627,0.0,0.0,0.0,-9999,-9999,-9999,-9999,8.32,0.0672676,9.838583,2708.54,19.71097,1.19697,22.62789,21889,1.09,78867,0,0,Europe,ECA,Eastern Europe,CZE,High Income OECD,NC
53,Denmark,0.086,0.0,0.115,5484.72,0.1538154,0.00758,0.20093,0.00082,1.09e-05,0.0011163,5484.72,0.0022455,0.00016,0.00294,28.57,0.4123378,28.57141,480.73,477.8513,21.45854,622.96179,-18.14,-0.0779079,-24.30022,730.57,-11.59012,-0.37392,-15.07458,35492,1.86,43094,0,0,Europe,ECA,Western Europe,DNK,High Income OECD,NC
54,Djibouti,24.965,3.221,22.383,709.2,5.742079,7.91214,5.07424,3.12689,1.165138,2.879988,709.2,1.107296,2.18765,0.98099,78.09,31.51241,52.82985,173.19,470.5462,590.79987,414.974,27.62,3.317368,25.03467,90.07,2.176109,1.96293,1.91464,2017,-0.75,23200,0,0,Africa,SSA,East Africa,DJI,Lower Middle Income,IDA
55,Dominica,17.045,1.257,22.032,72.51,0.4008527,0.31577,0.5107,0.41413,0.0882184,0.5499136,72.51,0.014995,0.01694,0.01915,4.64,1.069646,4.522306,1.27,0.2045695,0.14684,0.2601,65.39,4.489868,85.44839,18.91,1.081744,0.55783,1.37217,2270,0.16,751,1,1,Latin America & Caribbean,LCR,Caribbean Islands,DMA,Upper Middle Income,Blend
56,Dominican Republic,19.953,0.875,18.723,9558.18,61.85135,28.95133,57.2073,0.24598,0.0311354,0.2371224,9558.18,1.173963,0.78788,1.08857,4.03,0.5517809,2.850167,92.8,12.99608,5.543,11.99586,65.39,2.667919,62.03353,2961.13,169.376,51.90028,155.97658,5636,-0.24,48670,1,0,Latin America & Caribbean,LCR,Caribbean Islands,DOM,Upper Middle Income,IBRD
57,Ecuador,16.475,0.995,9.507,14354.47,76.69521,49.46322,43.62484,0.1546,0.0269632,0.0916555,14354.47,1.108125,1.02469,0.63191,6.97,1.316579,3.035421,645.02,156.4368,91.93192,88.80167,47.92,2.693812,27.95695,4940.81,207.1062,87.43908,117.29077,7357,-1.14,283561,0,0,Latin America & Caribbean,LCR,Andean South America,ECU,Lower Middle Income,IBRD
58,"Egypt, Arab Rep.",-9.417,-0.44,-9.284,77266.69,-235.9733,-117.73957,-229.31979,0.00023,3.14e-05,0.0002355,77266.69,0.0089702,0.00642,0.00874,28.8,4.209196,21.43083,2881.41,2887.849,1312.94763,2800.72095,-18.8,-0.817709,-18.74083,44258.36,-727.9078,-237.75761,-704.3042,4979,-0.17,1001450,0,0,Africa,MNA,North Africa,EGY,Lower Middle Income,IBRD
59,El Salvador,15.365,0.505,17.65,6006.45,29.93129,10.50905,33.88957,0.25856,0.0245494,0.3051255,6006.45,0.7754689,0.39038,0.88024,2.93,0.3011405,2.538588,130.43,13.29058,4.25202,15.01762,39.43,1.206833,45.79528,2360.53,81.42566,18.71535,91.7925,5888,0.31,21041,0,0,Latin America & Caribbean,LCR,Central America,SLV,Lower Middle Income,IBRD
60,Equatorial Guinea,58.94,1.395,22.808,616.46,11.78374,2.9792,4.49453,0.00142,9.72e-05,0.0005652,616.46,0.0004376,0.00016,0.00017,4.09,0.3025862,1.193315,9.42,1.338905,0.30845,0.50964,100.0,2.203692,39.12075,373.7,32.68867,5.41018,12.41376,30517,-1.37,28051,1,0,Africa,SSA,Coastal West Africa,GNQ,High Income Non OECD,IBRD
61,Eritrea,26.562,23.876,11.144,5502.03,47.39768,454.99295,19.59995,0.29919,0.7766764,0.1289515,5502.03,0.8219774,11.31349,0.34077,1.33,3.744459,0.4216576,27.79,1.287688,11.26345,0.5314,34.11,28.54053,14.46716,4362.01,130.1496,817.87848,53.58532,721,-2.13,117600,0,0,Africa,SSA,East Africa,ERI,Low Income,IDA
62,Estonia,4.628,0.04,6.215,1307.6,1.96269,0.18168,2.5979,0.00249,6.24e-05,0.003441,1307.6,0.0016286,0.00022,0.00216,13.48,0.3653375,13.65653,60.27,28.25941,2.38353,37.3293,13.56,0.1094116,18.41025,399.34,4.737027,0.28704,6.24283,18563,1.47,45228,0,0,Europe,ECA,Eastern Europe,EST,High Income Non OECD,NC
63,Ethiopia,47.827,16.962,50.485,82544.84,1280.361,4849.47754,1332.12646,6.01581,6.161653,6.523544,82544.84,247.953,1346.5448,258.63086,0.0,0.0,0.0,-9999,-9999,-9999,-9999,52.08,17.19363,55.57623,68512.22,3121.152,7738.8418,3233.20483,600,-0.86,1104300,0,0,Africa,SSA,East Africa,ETH,Low Income,IDA
64,Faeroe Islands,19.131,0.08,21.467,48.67,0.3019647,0.01341,0.33397,0.00696,8.36e-05,0.0080243,48.67,0.0001692,1e-05,0.00019,6.7,0.0871203,5.673362,1.07,0.2496467,0.0101,0.27555,33.36,0.1291005,37.84418,28.51,0.8319742,0.02418,0.91615,48200,1.44,1393,1,1,Oceania,ECA,Atlantic Islands,FRO,High Income Non OECD,NC
65,Falkland Islands,12.742,0.059,14.65,3.0,0.0123969,0.00061,0.01405,0.00331,4.41e-05,0.0039037,3.0,4.95e-06,0.0,1e-05,25.93,0.3747196,22.4993,0.25,0.221199,0.00994,0.25017,33.36,0.1434708,38.77722,0.99,0.028856,0.00093,0.03256,42100,1.44,12173,1,1,Oceania,LCR,Atlantic Islands,FLK,High Income Non OECD,NC
66,Fiji,16.82,1.06,13.337,860.53,4.69416,3.16075,3.66874,0.11671,0.0212509,0.0950695,860.53,0.0501486,0.04841,0.03929,20.29,4.001956,12.14285,55.44,39.14896,24.01957,30.53488,33.36,1.957973,26.74271,409.96,11.96347,5.27336,9.3094,4798,-0.68,18274,1,1,Oceania,EAP,Pacific Islands,FJI,Upper Middle Income,IBRD
67,Finland,-6.417,-0.035,-8.055,5244.75,-10.9156,-0.6358,-13.50407,0.00138,2.17e-05,0.0017801,5244.75,0.0036154,0.0003,0.00448,2.89,0.0492987,2.737154,86.2,8.667845,0.46004,10.7015,-18.14,-0.092079,-23.0131,1924.82,-30.53654,-1.16437,-37.61334,32057,1.58,338145,0,0,Europe,ECA,Western Europe,FIN,High Income OECD,NC
68,France,2.566,0.016,2.942,64057.79,53.30031,3.47242,60.24121,0.05119,0.0009019,0.0603043,64057.79,1.63744,0.15295,1.85536,3.92,0.0747338,3.389214,1085.73,147.9673,8.78379,166.89621,11.15,0.063305,12.92321,14502.68,141.4249,6.03152,159.14574,31961,1.25,643427,0,0,Europe,ECA,Western Europe,FRA,High Income OECD,NC
69,French Guians,12.475,0.122,13.687,218.93,0.8857399,0.09263,0.95787,0.01136,0.0003214,0.0128095,218.93,0.0012424,0.00019,0.00135,8.11,0.2483567,6.713303,7.59,2.142623,0.20418,2.3124,42.68,0.389053,47.33904,64.38,2.40363,0.16456,2.58805,20972,0.85,83534,0,0,Latin America & Caribbean,LCR,Northern South America,GUF,High Income Non OECD,NC
70,French Polynesia,16.208,0.415,11.864,283.02,1.487687,0.40641,1.07336,0.05021,0.0037089,0.0377538,283.02,0.007095,0.00278,0.00513,12.77,1.021905,7.055304,11.16,4.961483,1.23502,3.57241,33.36,0.794372,24.68763,136.87,3.994099,0.71428,2.86918,13062,-0.46,4167,1,1,Oceania,EAP,Pacific Islands,PYF,High Income Non OECD,NC
71,Gabon,18.487,0.468,12.114,1485.83,8.908525,2.41104,5.7536,0.00397,0.0002906,0.002673,1485.83,0.0029461,0.00114,0.00191,35.48,2.812658,17.54581,170.42,210.4138,51.89027,135.62044,100.0,2.35903,66.24306,222.28,19.44367,3.44489,12.5031,15074,-0.65,267667,0,0,Africa,SSA,Central Africa,GAB,Upper Middle Income,IBRD
72,"Gambia, The",23.131,3.894,26.575,1732.08,12.99352,23.36168,14.71409,0.05184,0.0252068,0.0611905,1732.08,0.0448387,0.11559,0.0509,3.7,1.950138,3.210816,24.2,3.11893,5.10971,3.52476,54.41,8.526795,63.19551,754.84,35.92564,42.28442,40.50574,1144,-0.44,11295,0,0,Africa,SSA,Coastal West Africa,GMB,Low Income,IDA
73,Georgia,6.38,0.246,8.617,4630.84,9.581797,3.93808,12.75615,0.00686,0.0007625,0.0095188,4630.84,0.0158628,0.00935,0.02117,5.93,0.7139622,6.045485,119.5,24.66257,9.23611,32.76631,13.56,0.4857979,18.51663,2188.54,25.96055,6.98473,34.41056,4134,0.59,69700,0,0,Europe,ECA,Eastern Europe,GEO,Lower Middle Income,Blend
74,Germany,1.31,0.007,1.588,82369.55,35.00195,2.10866,41.80122,0.0032,5.21e-05,0.0039829,82369.55,0.1316051,0.01137,0.15757,4.62,0.081554,4.226188,1316.5,211.73,11.62276,252.3456,4.83,0.025338,5.910531,21712.61,91.64584,3.61431,108.97195,32342,1.46,357022,0,0,Europe,ECA,Western Europe,DEU,High Income OECD,NC
75,Ghana,11.408,1.384,15.934,23434.57,86.70261,112.3058,119.36517,0.02578,0.0090289,0.0369867,23434.57,0.3016238,0.56018,0.4163,5.22,1.980748,5.503328,345.88,62.83762,74.16569,86.33399,23.29,2.630018,32.89313,11712.6,238.6623,202.37292,327.14072,1255,0.08,238533,0,0,Africa,SSA,Coastal West Africa,GHA,Low Income,IDA
76,Gibraltar,4.506,0.022,5.244,28.71,0.0419498,0.00219,0.04812,0.00037,5.3e-06,0.000448,28.71,5.37e-06,0.0,1e-05,29.19,0.4471777,25.63288,2.58,2.62305,0.12504,3.00288,8.32,0.0379357,9.788491,6.94,0.0505397,0.00173,0.05772,39119,1.44,7,0,0,Europe,WEU,Western Europe,GIB,High Income OECD,NC
77,Greece,5.189,0.038,5.235,10722.82,18.04613,1.42007,17.94435,0.00846,0.0001801,0.0087726,10722.82,0.0453211,0.00511,0.04518,8.95,0.2063506,6.816251,326.67,101.7701,7.29723,100.99046,12.98,0.0890184,13.23641,4181.9,47.47562,2.44565,47.00236,30877,0.81,131957,0,0,Europe,ECA,Western Europe,GRC,High Income OECD,NC
78,Greenland,19.441,0.16,25.529,57.56,0.3629483,0.03185,0.46976,0.01768,0.0004196,0.023852,57.56,0.0005082,6e-05,0.00066,61.35,1.576557,60.79031,13.61,29.04374,2.32217,37.51466,33.36,0.2551543,44.28718,9.49,0.2768377,0.0159,0.35675,20124,1.44,2166086,1,0,Oceania,ECA,Atlantic Islands,GRL,High Income Non OECD,NC
79,Grenada,44.246,2.755,58.961,106.56,1.529028,1.01681,2.0083,0.28956,0.0520716,0.3963946,106.56,0.0154062,0.01469,0.02029,3.33,0.6491833,3.351806,1.31,0.1518924,0.09204,0.1991,65.39,3.79032,88.09227,73.69,4.215256,1.83504,5.51243,2593,0.31,344,1,1,Latin America & Caribbean,LCR,Caribbean Islands,GRD,Upper Middle Income,Blend
80,Guadeloupe,26.466,0.844,34.055,462.57,3.970445,1.35295,5.03562,0.06601,0.0060831,0.087263,462.57,0.0152476,0.00745,0.01939,22.61,2.256609,21.95575,32.58,25.63611,7.9599,32.44758,65.39,1.942207,85.06245,181.02,10.3546,2.3098,13.07531,5290,0.58,1751,1,1,Latin America & Caribbean,LCR,Caribbean Islands,GLP,Upper Middle Income,NC
81,Guam,2.394,0.031,2.532,175.99,0.1366583,0.01891,0.14244,0.03463,0.0012959,0.0376215,175.99,0.0030433,0.0006,0.00318,6.67,0.2702608,5.321629,3.92,0.9099506,0.11473,0.94651,33.36,0.4023681,35.66444,12.04,0.351288,0.03182,0.36455,16560,0.61,546,1,1,Oceania,EAP,Pacific Islands,GUM,High Income Non OECD,NC
82,Guatemala,20.029,0.885,20.034,13002.21,84.4586,39.86349,83.26694,0.34041,0.0434484,0.3497894,13002.21,2.210058,1.49563,2.18439,1.04,0.1431073,0.7814111,50.46,1.817785,0.78178,1.7885,39.43,1.622335,39.87574,6685.73,230.6216,71.2574,226.37787,5174,-0.12,108889,0,0,Latin America & Caribbean,LCR,Central America,GTM,Lower Middle Income,IBRD
83,Guernsey,5.216,0.022,5.88,64.1,0.1084301,0.00494,0.12047,0.00044,5.46e-06,0.0005131,64.1,1.42e-05,0.0,2e-05,33.18,0.4425485,28.22156,6.49,7.487698,0.31073,8.3021,8.32,0.0330259,9.48036,15.51,0.1128393,0.00336,0.12482,46726,1.44,78,1,1,Europe,ECA,Western Europe,GGY,High Income OECD,NC
84,Guinea,34.929,8.796,27.835,9806.51,111.0885,298.76624,87.25505,0.01353,0.0098396,0.0110757,9806.51,0.0662479,0.25546,0.05217,6.27,4.94136,3.772474,434.74,94.89564,232.55305,74.38485,54.41,12.75472,43.83299,6429.15,305.9875,538.72205,239.29335,1189,-1.15,245857,0,0,Africa,SSA,Coastal West Africa,GIN,Low Income,IDA
85,Guinea-Bissau,39.1,21.078,35.048,1503.18,19.0617,109.7392,16.84108,0.04242,0.0660337,0.039058,1503.18,0.0318363,0.26279,0.0282,22.54,38.00329,15.2458,136.13,106.7622,560.0553,94.13313,54.41,27.30289,49.30463,1054.63,50.19396,189.16902,44.15348,481,-1.22,36125,0,0,Africa,SSA,Coastal West Africa,GNB,Low Income,IDA
86,Guyana,34.698,2.465,30.655,758.06,8.530602,6.47201,7.42842,0.22409,0.045975,0.2033831,758.06,0.0848222,0.09227,0.07405,41.22,9.158087,27.47785,90.75,130.1441,89.96992,113.09881,42.68,2.822329,38.11852,542.92,20.26876,10.06666,17.57315,3735,-0.55,214969,0,0,Latin America & Caribbean,LCR,Northern South America,GUY,Lower Middle Income,IDA
87,Haiti,34.68,6.965,31.483,9639.08,108.4141,232.54182,97.00776,0.65812,0.3817361,0.6137685,9639.08,3.167583,9.74165,2.8415,9.94,6.24273,6.807703,277.66,96.00767,187.64397,85.73207,65.39,12.22556,60.01296,5124.13,293.0999,411.55652,261.12091,1274,-0.89,27750,1,0,Latin America & Caribbean,LCR,Caribbean Islands,HTI,Low Income,IDA
88,Honduras,25.701,1.651,25.884,7675.85,63.97917,43.88703,63.51177,5.82548,1.080612,6.02731,7675.85,22.32766,21.95987,22.22065,5.97,1.198456,4.533783,106.0,22.00101,13.75161,21.79589,39.43,2.357798,40.15093,4000.65,138.0008,61.96948,136.39629,3527,-0.27,112090,0,0,Latin America & Caribbean,LCR,Central America,HND,Lower Middle Income,IDA
89,"Hong Kong SAR, China",14.259,0.057,19.089,7018.64,32.45697,1.38415,42.82881,14.34621,0.1654444,19.73067,7018.64,50.27768,3.07424,66.51221,10.13,0.1265217,10.23386,231.81,81.70535,3.17496,107.59576,4.99,0.0185548,6.755867,0.0,0.0,0.0,0.0,40536,2.0,1104,0,0,Asia,EAP,China,HKG,High Income Non OECD,NC
90,Hungary,2.635,0.025,3.338,10020.48,8.5641,0.85529,10.69218,0.00941,0.0002541,0.0122413,10020.48,0.0470695,0.00674,0.05891,0.0,0.0,0.0,-9999,-9999,-9999,-9999,8.32,0.0724207,10.65335,3256.66,23.69979,1.54944,29.4601,18462,1.26,93028,0,0,Europe,ECA,Eastern Europe,HUN,High Income OECD,NC
91,Iceland,3.668,0.022,3.983,304.37,0.3620719,0.02314,0.38751,0.01641,0.0002837,0.0183079,304.37,0.0024943,0.00023,0.00268,18.43,0.3449102,15.09747,19.46,12.47481,0.72655,13.32427,33.36,0.185862,36.62175,23.56,0.6874725,0.02877,0.73258,34799,1.12,103000,1,0,Oceania,ECA,Atlantic Islands,ISL,High Income OECD,NC
92,India,90.783,7.45,100.0,1140566.25,33580.9,29430.0,36460.0,49.75595,11.79169,56.30435,1140566.25,28336.8,35610.0,30840.0,5.44,1.396489,4.522599,20995.28,3974.647,3173.96606,4306.60986,61.9,4.728181,68.9279,803642.94,43511.96,24960.0,47040.0,2475,-0.21,3287263,0,0,Asia,SAS,Southern Asia,IND,Lower Middle Income,Blend
93,Indonesia,18.0,1.154,18.137,237512.36,1386.508,949.09808,1377.00818,3.38198,0.6260374,3.500754,237512.36,401.0905,393.65894,399.35089,13.17,2.640551,10.01476,12502.9,5729.89,3573.94946,5679.06885,29.78,1.777062,30.33884,115288.51,3003.597,1345.94983,2970.03198,3532,-0.27,1904569,0,0,Asia,EAP,Southeast Asia,IDN,Lower Middle Income,IBRD
94,"Iran, Islamic Rep.",14.961,1.031,5.953,75025.36,364.0371,267.88632,142.78168,0.22932,0.0456338,0.0937443,75025.36,8.590821,9.06418,3.378,1.53,0.3306971,0.4607582,397.31,21.212,14.22328,8.30281,48.09,3.084348,19.34445,23663.0,995.3371,479.48331,388.68903,10105,-1.63,1648195,0,0,Asia,MNA,Western Asia,IRN,Lower Middle Income,IBRD
95,Iraq,22.205,2.698,15.595,28221.44,203.2328,263.73514,140.68846,0.02079,0.0072951,0.0149988,28221.44,0.2929414,0.54506,0.2033,0.0,5.23e-08,7.3e-08,26.02,1.25e-07,0.0,0.0,68.39,7.735289,48.55546,9425.96,563.8583,479.00766,388.63306,2877,-1.09,438317,0,0,Asia,MNA,Middle East,IRQ,Lower Middle Income,IBRD
96,Ireland,3.488,0.015,4.622,4517.71,5.110322,0.23393,6.67492,0.00167,2.07e-05,0.0022779,4517.71,0.0037745,0.00025,0.00494,10.39,0.1393531,10.39455,162.15,58.64667,2.44617,76.44655,8.32,0.033194,11.1455,1746.55,12.7102,0.38087,16.52934,38226,1.91,70273,0,0,Europe,ECA,Western Europe,IRL,High Income OECD,NC
97,Isle of Man,16.189,0.084,19.127,82.2,0.4315799,0.02396,0.50259,0.01111,0.0001668,0.0134859,82.2,0.0004561,4e-05,0.00053,8.9,0.1446958,7.934587,2.37,0.7332871,0.03709,0.8522,33.36,0.1614271,39.84694,40.41,1.17925,0.04286,1.36729,36193,1.44,572,1,1,Oceania,ECA,Atlantic Islands,IMY,High Income Non OECD,NC
98,Israel,3.846,0.029,4.549,7112.36,8.872274,0.72409,10.3415,0.001,2.2e-05,0.0012115,7112.36,0.0035417,0.00041,0.00414,6.84,0.1635843,6.107375,220.76,52.57061,3.90942,61.15167,44.93,0.3195809,53.70864,593.17,23.31019,1.24538,27.05202,24564,1.2,22072,0,0,Asia,MNA,Middle East,ISR,High Income Non OECD,NC
99,Italy,4.223,0.031,4.495,58145.32,79.63478,6.18242,83.55501,0.0031,6.51e-05,0.0033933,58145.32,0.0900908,0.01003,0.09477,11.18,0.2543082,8.984528,2155.2,838.7299,59.33225,878.23029,12.31,0.0833198,13.25053,18559.98,199.8996,10.15935,208.82715,29329,0.95,301340,0,0,Europe,ECA,Western Europe,ITA,High Income OECD,NC
100,Jamaica,30.015,0.763,33.343,2804.33,27.29846,7.40668,29.88967,0.09316,0.0068349,0.1063085,2804.33,0.1304438,0.05075,0.14319,11.96,0.9505809,10.02784,63.85,26.57796,6.57083,29.04164,65.39,1.54646,73.4357,1309.62,74.91029,13.30532,81.66382,7941,0.36,10991,1,1,Latin America & Caribbean,LCR,Caribbean Islands,JAM,Upper Middle Income,IBRD
101,Japan,8.852,0.055,10.071,127288.41,365.4081,24.05402,409.77441,0.60925,0.0108455,0.7121015,127288.41,38.72335,3.65486,43.5349,40.86,0.7877982,35.08268,16587.78,23584.34,1414.64148,26390.0,9.48,0.0544183,10.9087,42667.07,353.9731,15.25381,395.22296,31931,1.23,377915,1,0,Asia,EAP,Northeast Asia,JPN,High Income OECD,NC
102,Jersey,4.804,0.017,5.181,91.63,0.1427639,0.00537,0.15176,0.00042,4.32e-06,0.0004705,91.63,1.94e-05,0.0,2e-05,30.98,0.3412278,25.21091,8.68,9.351779,0.3205,9.92103,8.32,0.0272743,9.070844,22.17,0.1613104,0.00397,0.17073,59717,1.44,116,1,1,Europe,ECA,Western Europe,JEY,High Income OECD,NC
103,Jordan,9.417,0.38,11.52,6132.63,18.73034,8.07201,22.58264,0.00117,0.0001362,0.0014686,6132.63,0.0035788,0.00221,0.00433,0.0,0.0,0.0,0.63,0.0,0.0,0.0,44.93,1.687566,55.55518,1323.42,52.0073,14.67233,62.43076,4444,0.34,89342,0,0,Asia,MNA,Middle East,JOR,Lower Middle Income,IBRD
104,Kazakhstan,-7.741,-0.237,-6.232,15340.53,-38.51061,-12.60959,-30.56126,0.00855,0.000757,0.0070714,15340.53,0.0654887,0.03075,0.0521,0.0,0.0,0.0,-9999,-9999,-9999,-9999,-18.97,-0.5413598,-15.4393,6452.23,-107.0575,-22.94753,-84.58889,9707,-0.37,2724900,0,0,Asia,ECA,Western Asia,KAZ,Upper Middle Income,IBRD
105,Kenya,11.866,1.377,15.183,37953.84,146.0529,180.99915,184.20485,5.16888,1.732222,6.7946,37953.84,97.95747,174.05754,123.85868,0.78,0.282732,0.7521772,166.02,4.499984,5.08148,5.66394,8.99,0.9705565,11.62295,29755.81,233.8666,189.72867,293.67313,1459,-0.07,580367,0,0,Africa,SSA,East Africa,KEN,Low Income,IDA
106,Kiribati,21.949,10.05,19.003,96.86,0.6894722,3.3714,0.58837,0.19703,0.2605414,0.1752469,96.86,0.0095294,0.06681,0.00815,34.64,49.6099,22.6322,10.25,12.35365,55.04292,10.52065,33.36,14.21897,29.1996,54.4,1.587375,5.08126,1.3487,591,-1.22,811,1,1,Oceania,EAP,Pacific Islands,KIR,Lower Middle Income,IDA
107,"Korea, Dem. Rep.",5.362,2.32,1.551,22565.35,39.24077,181.32326,11.18974,0.34421,0.4301072,0.1023008,22565.35,3.878354,25.69522,1.10874,13.78,18.64927,3.008492,1053.53,505.1519,2126.92041,143.75432,12.15,4.892148,3.552523,8421.39,89.47653,270.65973,25.40369,2353,-2.28,120538,0,0,Asia,EAP,Northeast Asia,PRK,Low Income,NC
108,"Korea, Rep.",3.529,0.033,3.652,48379.39,55.36674,5.58227,56.47676,0.24751,0.0067482,0.263137,48379.39,5.979023,0.86433,6.11433,10.0,0.2953354,7.810789,2499.42,869.8061,79.90937,885.44128,15.47,0.1359896,16.18958,8969.54,121.4104,8.01339,123.3053,23349,0.73,99720,0,0,Asia,EAP,Northeast Asia,KOR,High Income OECD,IBRD
109,Kuwait,2.869,0.022,2.076,2598.06,2.417413,0.19952,1.72415,0.00155,3.46e-05,0.0011525,2598.06,0.0020114,0.00024,0.00144,11.04,0.2669305,6.029848,521.26,200.2824,15.06232,142.55505,44.93,0.3231918,32.86388,42.61,1.674399,0.09047,1.18902,43995,0.04,17818,0,0,Asia,MNA,Middle East,KWT,High Income Non OECD,NC
110,Kyrgyz Republic,6.084,0.649,6.7,5356.87,10.57022,12.03716,11.4726,0.00885,0.0027244,0.010008,5356.87,0.0236639,0.03864,0.02575,0.0,0.0,0.0,-9999,-9999,-9999,-9999,9.82,0.9744347,10.92853,3413.4,29.31173,21.85143,31.67558,1904,-0.32,199951,0,0,Asia,ECA,Western Asia,KGZ,Low Income,IDA
111,Lao PDR,26.332,4.759,18.031,6145.18,52.4798,101.28724,35.41998,0.19942,0.1040806,0.1402811,6145.18,0.6119086,1.69332,0.41404,0.0,0.0,0.0,-9999,-9999,-9999,-9999,38.94,6.549967,26.95278,4247.55,144.6628,182.77551,97.21165,1993,-1.25,236800,0,0,Asia,EAP,Southeast Asia,LAO,Low Income,IDA
112,Latvia,8.55,0.101,10.655,2245.42,6.226163,0.78172,7.648,0.00155,5.25e-05,0.0019798,2245.42,0.0017338,0.00031,0.00214,35.37,1.300556,33.26191,284.29,349.8557,40.02508,428.87704,13.56,0.1484049,17.08506,715.84,8.491348,0.69792,10.38506,14966,1.07,64589,0,0,Europe,ECA,Eastern Europe,LVA,Upper Middle Income,NC
113,Lebanon,7.182,0.19,6.12,4038.02,9.406119,2.65525,7.89929,0.00456,0.0003478,0.0039874,4038.02,0.0091853,0.00372,0.00773,19.71,1.629104,12.6693,313.98,215.2688,55.37179,180.41609,44.93,1.105398,38.69661,526.56,20.69249,3.82389,17.30197,10519,-0.2,10400,0,0,Asia,MNA,Middle East,LBN,Upper Middle Income,IBRD
114,Lesotho,45.738,7.024,45.898,1915.47,28.41339,46.60154,28.1035,0.08534,0.0378525,0.0879813,1915.47,0.0816276,0.19196,0.08094,0.0,0.0,0.0,-9999,-9999,-9999,-9999,63.06,9.015237,63.97471,1427.79,78.76012,84.56332,77.562,1478,-0.63,30355,0,0,Africa,SSA,Southern Africa,LSO,Lower Middle Income,IDA
115,Liberia,23.908,19.287,21.872,3440.37,26.67601,229.81949,24.05364,0.0216,0.0503334,0.0203042,3440.37,0.0371142,0.45845,0.03355,39.63,100.0,27.35991,252.29,347.91,2731.15381,313.07141,54.41,40.85774,50.31985,1371.33,65.26689,368.09277,58.59465,313,-1.32,111369,0,0,Africa,SSA,Coastal West Africa,LBR,Low Income,IDA
116,Libya,13.374,0.489,7.977,6187.04,26.83465,10.48329,15.77729,0.00038,4.05e-05,0.0002349,6187.04,0.0011841,0.00066,0.0007,12.57,1.438503,5.659348,155.1,67.85183,24.15329,39.81205,59.9,2.039693,36.12191,1389.61,72.81113,18.62077,42.62255,11687,-0.93,1759540,0,0,Africa,MNA,North Africa,LBY,Upper Middle Income,IBRD
117,Liechtenstein,6.923,0.018,6.717,34.51,0.0774991,0.00212,0.0741,0.00013,9.42e-07,0.0001271,34.51,2.2e-06,0.0,0.0,0.0,0.0,0.0,-9999,-9999,-9999,-9999,8.32,0.0198079,8.159279,29.57,0.2152088,0.00385,0.20489,93552,1.35,160,0,0,Europe,ECA,Western Europe,LIE,High Income Non OECD,NC
118,Lithuania,4.371,0.048,5.499,3565.21,5.054471,0.58953,6.26752,0.0011,3.46e-05,0.0014169,3565.21,0.0019517,0.00033,0.00243,1.76,0.060181,1.672515,38.84,2.380662,0.25301,2.94601,13.56,0.1378631,17.24682,1177.94,13.97284,1.06687,17.25082,15932,1.14,65300,0,0,Europe,ECA,Eastern Europe,LTU,Upper Middle Income,NC
119,Luxembourg,1.422,0.004,1.599,486.01,0.2241763,0.00669,0.24844,0.00344,2.78e-05,0.0039762,486.01,0.0008354,4e-05,0.00093,0.0,0.0,0.0,-9999,-9999,-9999,-9999,8.32,0.0216425,9.456565,85.34,0.6210673,0.01213,0.68529,71609,1.71,2586,0,0,Europe,ECA,Western Europe,LUX,High Income OECD,NC
120,"Macao SAR, China",9.032,0.047,9.101,545.67,1.598363,0.08944,1.58743,8.02595,0.1214495,8.307946,545.67,2.186831,0.17545,2.17738,20.2,0.3310013,15.35721,34.39,24.17037,1.23241,23.95634,4.99,0.0243467,5.084796,0.0,0.0,0.0,0.0,43528,1.0,28,0,0,Asia,EAP,China,MAC,High Income Non OECD,NC
121,"Macedonia, FYR",4.642,0.121,4.837,2061.31,3.103213,0.86367,3.18743,0.04283,0.0032233,0.0458494,2061.31,0.0440817,0.01759,0.04539,0.0,0.0,0.0,-9999,-9999,-9999,-9999,14.31,0.3471319,15.07506,682.3,8.540305,1.55599,8.73389,8363,0.21,25713,0,0,Europe,ECA,Eastern Europe,MKD,Upper Middle Income,IBRD
122,Madagascar,34.699,6.763,43.702,20042.55,225.5472,469.48526,279.99454,4.86079,2.736099,6.2892,20042.55,48.64577,145.1839,60.54179,5.79,3.530493,5.504066,483.36,97.39743,184.73332,120.66359,43.59,7.909454,55.50667,14125.99,538.67,734.01642,665.79456,884,-0.33,587041,1,0,Africa,SSA,East Africa,MDG,Low Income,IDA
123,Malawi,46.885,11.442,60.227,14623.68,222.3605,579.52191,281.53909,5.98311,4.216769,7.895589,14623.68,43.68869,163.25636,55.45594,0.0,0.0,0.0,-9999,-9999,-9999,-9999,52.08,11.83088,67.63276,11874.43,540.9532,922.93335,681.93976,689,-0.39,118484,0,0,Africa,SSA,East Africa,MWI,Low Income,IDA
124,Malaysia,12.996,0.238,12.819,27357.76,115.3088,22.52951,112.10197,0.60935,0.0321955,0.6174378,27357.76,8.323996,2.3319,8.11298,19.2,1.098768,14.29184,2386.12,1594.188,283.81934,1546.703,37.44,0.6375766,37.3306,8108.84,265.5485,33.96499,257.03946,12745,0.27,329847,0,0,Asia,EAP,Southeast Asia,MYS,Upper Middle Income,IBRD
125,Maldives,25.382,1.829,24.172,385.92,3.176888,2.44454,2.98204,0.06471,0.0134652,0.0633091,385.92,0.01247,0.01376,0.01173,41.83,9.427126,30.06189,49.25,71.67771,50.25659,67.14484,33.36,2.23754,32.1187,239.81,6.998277,3.52521,6.54046,3363,-0.42,298,1,1,Oceania,SAS,Indian Ocean Islands,MDV,Lower Middle Income,IDA
126,Mali,39.114,6.661,47.679,13100.81,166.1858,302.22623,199.67368,0.09784,0.0481145,0.1225181,13100.81,0.6400006,1.66881,0.77091,0.0,0.0,0.0,-9999,-9999,-9999,-9999,59.23,9.389642,72.99763,8884.97,460.3717,548.08179,550.73273,1053,-0.33,1240192,0,0,Africa,SSA,Sahelian Africa,MLI,Low Income,IDA
127,Malta,0.71,0.006,0.846,403.53,0.0928694,0.00822,0.10913,0.00462,0.0001105,0.0056562,403.53,0.0009305,0.00012,0.0011,8.81,0.228236,7.923943,11.38,3.488518,0.28125,4.09109,8.32,0.0641617,10.02728,23.16,0.1685631,0.00976,0.19722,22430,1.17,316,1,1,Europe,MNA,Western Europe,MLT,High Income Non OECD,NC
128,Marshall Islands,17.269,2.144,16.028,63.17,0.3538116,0.46904,0.32367,0.31402,0.1125727,0.2994089,63.17,0.0099055,0.01883,0.00908,50.89,19.75818,35.64209,9.7,17.1842,20.75779,15.68845,33.36,3.854903,31.30257,18.27,0.5331552,0.46269,0.48562,2010,-0.68,181,1,1,Oceania,EAP,Pacific Islands,MHL,Lower Middle Income,IBRD
129,Martinique,24.991,0.453,31.61,402.78,3.264583,0.63228,4.06993,0.03066,0.001606,0.0398435,402.78,0.006167,0.00171,0.00771,5.69,0.322664,5.429336,7.76,1.535595,0.271,1.91053,65.39,1.103919,83.61494,157.63,9.01624,1.14316,11.19155,9518,0.85,1146,1,1,Latin America & Caribbean,LCR,Caribbean Islands,MTQ,Upper Middle Income,NC
130,Mauritania,33.806,4.372,33.339,3054.93,33.49401,46.25672,32.5567,0.35561,0.1328074,0.3602663,3054.93,0.5424515,1.07413,0.52861,23.28,9.414662,17.32172,127.96,103.6313,130.41026,100.52654,56.74,6.830032,56.5665,1802.41,89.45625,80.87547,86.57434,1793,-0.59,1030700,0,0,Africa,SSA,Sahelian Africa,MRT,Low Income,IDA
131,Mauritius,18.953,0.293,24.046,1274.19,7.832266,1.29436,9.79428,0.00533,0.0002382,0.0069475,1274.19,0.0033915,0.0008,0.00425,9.75,0.4717732,9.331959,41.76,14.16246,2.13264,17.67422,33.36,0.4805527,42.78888,732.91,21.38797,2.31384,26.6293,11119,0.95,2040,1,1,Oceania,SSA,Indian Ocean Islands,MUS,Upper Middle Income,IBRD
132,Mayotte,19.49,0.801,19.667,216.31,1.367235,0.6002,1.35986,0.04399,0.0052227,0.0456067,216.31,0.0047518,0.00299,0.00474,7.97,1.024943,6.070413,5.61,1.555918,0.62237,1.54438,33.36,1.276519,34.03268,128.48,3.74933,1.07747,3.71286,5505,-0.07,374,1,1,Oceania,SSA,Indian Ocean Islands,MYT,Upper Middle Income,NC
133,Mexico,15.253,0.271,16.207,109955.4,543.9334,103.19262,569.65735,2.21873,0.1138279,2.421864,109955.4,121.8168,33.13592,127.90078,4.63,0.2574686,3.715438,1331.45,214.672,37.11006,224.36758,58.9,0.9740179,63.27077,25069.84,1291.687,160.4201,1346.88574,11997,0.45,1964375,0,0,Latin America & Caribbean,LCR,Central America,MEX,Upper Middle Income,IBRD
134,"Micronesia, Fed. Sts.",25.712,3.738,25.52,107.67,0.8977854,1.39383,0.87831,0.61404,0.2577962,0.6261132,107.67,0.0330111,0.07348,0.03238,1.66,0.7558084,1.24501,1.09,0.0629263,0.08902,0.06144,33.36,4.514518,33.47518,83.4,2.433711,2.47345,2.37056,1582,-0.63,702,1,1,Oceania,EAP,Pacific Islands,FSM,Lower Middle Income,IBRD
135,Moldova,7.715,0.616,8.475,4324.45,10.82047,9.21993,11.71505,0.04568,0.0105251,0.0515443,4324.45,0.0986329,0.1205,0.10706,0.0,0.0,0.0,-9999,-9999,-9999,-9999,13.56,1.007164,15.0587,2518.56,29.87531,16.66452,32.20445,2555,-0.2,33851,0,0,Europe,ECA,Eastern Europe,MDA,Lower Middle Income,IDA
136,Monaco,13.802,0.025,12.766,30.73,0.1375717,0.00266,0.12542,0.0001,5.45e-07,9.91e-05,30.73,1.6e-06,0.0,0.0,68.6,0.388298,47.87688,6.37,15.1959,0.26762,13.82496,8.32,0.0140156,7.778982,0.0,0.0,0.0,0.0,140215,1.44,2,0,0,Europe,ECA,Western Europe,MCO,High Income Non OECD,NC
137,Mongolia,5.188,0.392,5.36,2996.08,5.041193,4.06294,5.13382,0.14053,0.0306283,0.1491624,2996.08,0.2102397,0.24295,0.21464,0.0,0.0,0.0,-9999,-9999,-9999,-9999,12.15,0.8532776,12.68707,1282.92,13.63094,7.19169,13.82095,2909,-0.29,1564116,0,0,Asia,EAP,Northeast Asia,MNG,Lower Middle Income,IDA
138,Montserrat,24.918,1.11,34.63,5.08,0.0410685,0.01954,0.05626,0.01724,0.0022179,0.024611,5.08,4.37e-05,3e-05,6e-05,3.67,0.511236,3.847556,0.07,0.008298,0.0036,0.01134,65.39,2.711955,91.87479,1.99,0.1137607,0.03543,0.15516,3448,0.58,102,1,1,Latin America & Caribbean,LCR,Caribbean Islands,MSR,Lower Middle Income,NC
139,Morocco,28.085,1.487,30.597,31401.09,286.0133,161.72325,307.12286,0.0086,0.0013155,0.0096284,31401.09,0.1348911,0.10936,0.14521,9.7,1.606911,7.977232,1190.18,401.8361,207.0372,430.61725,64.89,3.198243,71.46974,13810.2,783.9116,290.16949,838.10468,3893,-0.03,712550,0,0,Africa,MNA,North Africa,MAR,Lower Middle Income,IBRD
140,Mozambique,25.63,6.217,31.408,21284.7,176.926,458.3512,213.69485,3.04356,2.132205,3.831428,21284.7,32.34705,120.15179,39.16833,12.26,9.301394,11.33612,938.07,400.1352,944.55341,482.3093,36.11,8.15318,44.72947,13443.42,424.5922,720.07385,510.59854,734,-0.47,799380,0,0,Africa,SSA,Southern Africa,MOZ,Low Income,IDA
141,Myanmar,47.307,39.911,16.725,52228.15,801.2985,7219.83838,279.23431,3.00771,7.328406,1.092413,52228.15,78.43786,1013.32281,27.40301,20.8,54.88491,5.549003,4047.39,2929.036,24050.0,1018.62848,65.39,51.35543,23.37216,35212.21,2014.135,11880.0,698.82471,945,-2.24,676578,0,0,Asia,EAP,Southeast Asia,MMR,Low Income,IDA
142,Namibia,48.436,1.937,53.613,2088.67,32.80984,14.01434,35.79547,0.52964,0.0611768,0.602252,2088.67,0.5523733,0.33829,0.60416,3.73,0.4671018,3.1188,28.64,3.720539,1.44806,4.05085,78.04,2.905375,87.32299,1319.2,90.05073,25.17992,97.81748,5059,0.13,824292,0,0,Africa,SSA,Southern Africa,NAM,Upper Middle Income,IBRD
143,Nauru,19.127,3.026,16.204,9.16,0.0568328,0.09602,0.04746,0.15221,0.0695435,0.1324719,9.16,0.0006963,0.00169,0.00058,33.9,16.77419,21.67173,0.96,1.131447,1.74192,0.9429,33.36,4.913112,28.57321,4.39,0.1281583,0.14175,0.10655,1760,-0.91,21,1,1,Oceania,EAP,Pacific Islands,NRU,Low Income,NC
144,Nepal,24.422,4.988,25.777,28196.96,223.3322,487.10828,232.34154,1.32175,0.7795852,1.433181,28196.96,18.60957,58.19685,19.40931,0.0,0.0,0.0,-9999,-9999,-9999,-9999,28.79,5.472438,30.7152,23335.8,587.586,838.96533,608.62836,1044,-0.66,147181,0,0,Asia,SAS,Southern Asia,NPL,Low Income,IDA
145,Netherlands,3.028,0.014,3.883,16645.31,16.34694,0.81823,20.65939,0.00103,1.4e-05,0.0013633,16645.31,0.0086023,0.00062,0.0109,17.92,0.2626559,17.33608,928.29,578.7108,26.39446,729.89288,11.65,0.0508156,15.0977,3026.12,30.83092,1.01024,38.79474,36370,1.75,41543,0,0,Europe,ECA,Western Europe,NLD,High Income OECD,NC
146,Netherlands Antilles,5.296,0.109,6.891,225.37,0.387112,0.08476,0.49647,0.03231,0.0019133,0.0431935,225.37,0.0036364,0.00114,0.00468,14.36,0.9208694,14.09968,9.95,4.972138,0.99202,6.36378,65.39,1.248009,86.01601,16.5,0.943627,0.13526,1.20493,8132,0.85,800,1,1,Latin America & Caribbean,LCR,Caribbean Islands,ANT,High Income Non OECD,NC
147,New Caledonia,13.911,0.161,10.546,244.45,1.102839,0.1366,0.82405,0.00803,0.0002689,0.0062518,244.45,0.0009798,0.00017,0.00073,28.13,1.020483,16.09291,22.29,21.8144,2.46202,16.26683,33.36,0.360172,25.56755,86.09,2.512413,0.20372,1.86913,27678,-0.06,18575,1,1,Oceania,EAP,Pacific Islands,NCL,High Income Non OECD,NC
148,New Zealand,0.259,0.002,0.351,4173.46,0.351153,0.02308,0.46795,0.08946,0.00159,0.1242523,4173.46,0.1864253,0.01757,0.24906,13.25,0.2550665,13.51925,210.9,97.23891,5.82344,129.31873,-3.66,-0.0209705,-5.00333,560.91,-1.79606,-0.07728,-2.38304,25958,1.72,267710,1,0,Oceania,EAP,AustraliaNZ,NZL,High Income OECD,NC
149,Nicaragua,19.761,1.562,19.843,5785.85,37.07973,31.3038,36.69983,3.27395,0.7474356,3.377354,5785.85,9.458553,11.44918,9.38534,2.42,0.5994939,1.837267,28.78,2.427951,1.86773,2.39819,39.43,2.901815,40.03202,2502.96,86.33846,47.71593,85.08187,2874,-0.36,130370,0,0,Latin America & Caribbean,LCR,Central America,NIC,Lower Middle Income,IDA
150,Niger,46.628,13.187,57.603,14752.08,223.0858,673.8056,271.63644,0.65374,0.5339561,0.8296499,14752.08,4.815494,20.85415,5.87834,0.0,0.0,0.0,-9999,-9999,-9999,-9999,56.74,14.93749,70.86016,12312.09,611.0667,1208.23022,740.81531,623,-0.52,1267000,0,0,Africa,SSA,Sahelian Africa,NER,Low Income,IDA
151,Nigeria,15.636,2.212,15.484,146255.31,741.6765,1120.35059,723.92999,0.02169,0.00886,0.0220653,146255.31,1.583977,3.43066,1.54999,7.65,3.382164,5.712919,3470.25,923.0941,1270.57043,899.17603,30.78,4.052956,30.81666,75526.24,2033.631,2010.99109,1976.33057,1631,-0.62,923768,0,0,Africa,SSA,Coastal West Africa,NGA,Lower Middle Income,IDA
152,Niue,16.724,0.711,13.767,1.32,0.0071543,0.00325,0.0058,0.01126,0.0013838,0.0095252,1.32,7.42e-06,0.0,1e-05,18.95,2.521794,11.77293,0.08,0.0558467,0.02312,0.04522,33.36,1.321091,27.76248,0.63,0.0184502,0.00549,0.0149,6804,-0.46,260,1,1,Oceania,EAP,Pacific Islands,NIU,Upper Middle Income,NC
153,Norfolk Island,17.414,0.445,12.747,2.13,0.0120183,0.00328,0.00867,0.00847,0.0006257,0.0063693,2.13,9e-06,0.0,1e-05,24.92,1.993737,13.76488,0.16,0.1428798,0.03557,0.10288,33.36,0.794373,24.68763,1.02,0.0297665,0.00532,0.02138,13062,-0.46,36,1,1,Oceania,EAP,Pacific Islands,NFK,High Income Non OECD,NC
154,Northern Mariana Islands,3.755,0.074,3.233,55.24,0.0672728,0.01414,0.0571,0.01849,0.0010512,0.0163575,55.24,0.0005101,0.00015,0.00043,16.0,0.9850012,10.39592,3.03,1.688157,0.32337,1.42992,33.36,0.6112953,29.04206,4.92,0.1434802,0.01975,0.12125,13957,-0.05,464,1,1,Oceania,EAP,Pacific Islands,MNP,High Income Non OECD,NC
155,Norway,-3.715,-0.016,-4.035,4644.46,-5.595506,-0.25193,-5.99115,0.0022,2.67e-05,0.0024509,4644.46,0.0050932,0.00033,0.00547,8.48,0.1117552,6.94748,141.06,41.5989,1.70658,44.44976,-18.14,-0.0711736,-19.91724,1045.93,-16.59328,-0.48906,-17.68921,49429,1.34,323802,0,0,Europe,ECA,Western Europe,NOR,High Income OECD,NC
156,Oman,13.669,0.141,13.987,2853.88,12.65112,1.3942,12.75968,0.00174,5.18e-05,0.0018275,2853.88,0.0024773,0.00039,0.0025,14.94,0.4820675,11.53299,252.51,131.2248,13.1773,132.08183,44.93,0.4315407,46.47357,809.93,31.82841,2.29621,31.96177,21650,0.65,309500,0,0,Asia,MNA,Middle East,OMN,High Income Non OECD,NC
157,Pakistan,32.396,3.157,32.149,178479.39,1875.198,1951.49634,1834.23059,1.05229,0.2961385,1.072796,178479.39,93.77931,139.93182,91.96272,1.55,0.4720303,1.159783,1191.66,64.21429,60.89274,62.68376,50.58,4.588332,50.74719,113941.24,5041.469,3434.59937,4909.86035,2364,-0.47,796095,0,0,Asia,SAS,Western Asia,PAK,Lower Middle Income,Blend
158,Palau,6.761,0.299,5.616,20.7,0.0453936,0.02144,0.03716,0.0373,0.0047643,0.0318269,20.7,0.0003856,0.00026,0.00032,10.65,1.473239,6.675098,0.79,0.2919686,0.12566,0.23854,33.36,1.373475,28.01274,4.04,0.118041,0.0365,0.09622,6473,-0.46,459,1,1,Oceania,EAP,Pacific Islands,PLW,Upper Middle Income,IBRD
159,Panama,11.126,0.229,13.213,3309.68,11.9423,2.62069,13.97876,0.47892,0.0284206,0.584281,3309.68,0.7914718,0.24903,0.92878,8.79,0.5651985,7.880872,153.44,46.95147,9.38838,54.84621,39.43,0.7542883,47.34357,886.99,30.59649,4.3954,35.65807,9062,0.63,75420,0,0,Latin America & Caribbean,LCR,Central America,PAN,Upper Middle Income,IBRD
160,Papua New Guinea,33.531,4.122,32.827,5816.23,63.25032,83.03931,61.03309,0.42585,0.1511873,0.428285,5816.23,1.236747,2.32804,1.19641,3.38,1.300353,2.49841,77.44,9.11197,10.9005,8.77468,38.94,4.455511,38.53454,5086.88,173.2486,148.89812,166.44763,1903,-0.59,462840,1,0,Asia,EAP,Southeast Asia,PNG,Lower Middle Income,Blend
161,Paraguay,27.82,1.786,24.83,6203.2,55.96757,38.377,49.23545,0.23843,0.0442124,0.2186187,6203.2,0.7385333,0.7261,0.65134,0.0,0.0,0.0,-9999,-9999,-9999,-9999,71.55,4.276256,64.55676,2462.67,154.1264,69.18472,134.99693,4083,-0.49,406752,0,0,Latin America & Caribbean,LCR,Southern South America,PRY,Lower Middle Income,IBRD
162,Peru,14.987,0.424,16.849,29180.9,141.8346,42.84434,157.16614,0.85881,0.0701537,0.9918637,29180.9,12.51361,5.41979,13.90137,1.77,0.15695,1.505039,162.34,10.02115,2.7583,11.08182,50.92,1.340582,57.86686,8345.74,371.6968,73.50187,410.08203,7028,0.33,1285216,0,0,Latin America & Caribbean,LCR,Andean South America,PER,Upper Middle Income,IBRD
163,Philippines,30.355,1.876,33.95,96061.68,945.6882,624.19122,1042.52759,16.54326,2.952781,19.00803,96061.68,793.5175,750.95709,876.98895,16.47,3.184062,13.90183,6131.23,3513.898,2113.35376,3865.85352,38.94,2.239991,44.02376,33698.44,1147.7,495.90262,1259.71729,3229,-0.05,300000,1,0,Asia,EAP,Southeast Asia,PHL,Lower Middle Income,IBRD
164,Pitcairn,20.758,0.531,15.195,0.05,0.0003366,9e-05,0.00024,0.00216,0.0001594,0.0016228,0.05,5.39e-08,0.0,0.0,41.5,3.32003,22.92169,0.01,0.0093579,0.00233,0.00674,33.36,0.794373,24.68763,0.02,0.0006994,0.00013,0.0005,13062,-0.46,47,1,1,Oceania,EAP,Pacific Islands,PCN,High Income Non OECD,NC
165,Poland,2.95,0.039,3.366,38500.7,36.82893,5.2646,41.4234,0.00677,0.0002618,0.0079383,38500.7,0.1301817,0.02668,0.14679,0.87,0.0363246,0.7471395,227.44,6.86629,0.89436,7.70718,7.82,0.0974394,9.021652,14892.07,101.8721,9.53301,114.08204,14618,0.77,312685,0,0,Europe,ECA,Eastern Europe,POL,Upper Middle Income,IBRD
166,Portugal,6.417,0.057,7.64,10676.91,22.21886,2.10507,26.07665,0.0041,0.0001049,0.0050103,10676.91,0.0218366,0.00297,0.02569,5.65,0.1567294,5.075247,239.64,47.0968,4.06582,55.16177,15.97,0.1319095,19.22796,4328.42,60.47881,3.75099,70.67058,20975,1.12,92090,0,0,Europe,ECA,Western Europe,PRT,High Income OECD,NC
167,Puerto Rico,3.5,0.029,3.933,3954.55,4.488619,0.39297,4.97133,0.08511,0.0020149,0.0982408,3954.55,0.1680498,0.02109,0.18659,29.86,0.7655412,25.31623,320.49,332.9398,26.56007,367.99545,65.39,0.4990034,74.28214,66.44,3.800157,0.2178,4.19051,24353,1.02,13790,1,1,Latin America & Caribbean,LCR,Caribbean Islands,PRI,High Income Non OECD,NC
168,Qatar,3.989,0.016,3.274,824.79,1.067149,0.04449,0.86327,0.00085,9.54e-06,0.0007133,824.79,0.0003484,2e-05,0.00028,24.44,0.2984293,15.13693,72.48,61.64027,2.34167,49.76283,44.93,0.1632573,37.27515,35.96,1.413175,0.03857,1.13822,74939,0.66,11586,0,0,Asia,MNA,Middle East,QAT,High Income Non OECD,NC
169,Reunion,20.272,0.395,28.69,815.38,5.360886,1.11503,7.47792,0.06641,0.0037351,0.0965452,815.38,0.0270369,0.00806,0.03781,17.46,1.06363,18.64688,46.24,28.09232,5.32415,39.10643,33.36,0.6048175,47.72985,484.32,14.1334,1.9244,19.6289,7735,1.1,2548,1,1,Oceania,SSA,Indian Ocean Islands,REU,Upper Middle Income,NC
170,Romania,4.884,0.092,5.466,22060.81,34.9414,7.06062,38.54318,0.00045,2.47e-05,0.0005194,22060.81,0.0049767,0.00144,0.0055,0.6,0.0353934,0.5050653,93.26,1.9407,0.35733,2.1364,10.98,0.1934225,12.42461,10095.03,96.9737,12.82788,106.50413,10576,0.53,238391,0,0,Europe,ECA,Eastern Europe,ROM,Upper Middle Income,IBRD
171,Russian Federation,3.44,0.09,2.399,140702.09,156.956,43.89151,107.92184,0.05105,0.0038607,0.0365873,140702.09,3.586813,1.43814,2.47251,1.33,0.1088843,0.6998658,1120.1,51.81429,13.20278,35.55474,12.81,0.3122871,9.035536,38214.69,428.276,78.40157,293.1976,13524,-0.56,17100000,0,0,Europe,ECA,Eastern Europe,RUS,Upper Middle Income,IBRD
172,Rwanda,52.319,12.819,63.402,10440.77,177.1561,463.57471,211.60425,0.06042,0.0427561,0.0752209,10440.77,0.3150009,1.18186,0.37721,0.0,0.0,0.0,-9999,-9999,-9999,-9999,65.89,15.02864,80.72263,8525.93,491.4052,841.78632,584.4043,736,-0.49,26338,0,0,Africa,SSA,Central Africa,RWA,Low Income,IDA
173,Saint Barthelemy,25.391,0.428,28.198,7.49,0.0616932,0.01111,0.06753,0.00826,0.0004019,0.0094185,7.49,3.09e-05,1e-05,3e-05,13.17,0.6943047,11.0349,0.31,0.1415017,0.02321,0.15458,65.39,1.026198,73.41756,2.93,0.1677086,0.01977,0.18278,11985,0.58,21,1,1,Latin America & Caribbean,LCR,Caribbean Islands,BLM,High Income Non OECD,NC
174,Saint Martin,25.288,0.271,25.298,29.38,0.2409217,0.02758,0.23756,0.00902,0.0002793,0.009274,29.38,0.0001324,2e-05,0.00013,11.79,0.3951605,8.897761,1.09,0.4462086,0.04654,0.43908,65.39,0.6524629,66.13226,11.5,0.6575824,0.04928,0.64557,21419,0.58,54,1,1,Latin America & Caribbean,LCR,Caribbean Islands,MAF,High Income Non OECD,NC
175,Samoa,26.445,2.719,26.686,189.5,1.625302,1.78471,1.61657,0.11346,0.0336899,0.1176147,189.5,0.0107356,0.0169,0.0107,20.89,6.719364,15.91017,12.94,9.404409,9.40978,9.33488,33.36,3.193079,34.03352,145.92,4.258178,3.06095,4.21687,2195,-0.46,2831,1,1,Oceania,EAP,Pacific Islands,WSM,Lower Middle Income,IDA
176,San Marino,0.467,0.002,0.541,30.75,0.0046608,0.00024,0.00532,0.00033,4.52e-06,0.0003895,30.75,5.03e-06,0.0,1e-05,0.0,0.0,0.0,-9999,-9999,-9999,-9999,8.32,0.0370011,9.732307,1.78,0.012934,0.00043,0.01469,40390,1.44,61,0,0,Europe,ECA,Western Europe,SMR,High Income Non OECD,NC
177,Sao Tome and Principe,21.062,2.823,19.355,168.41,1.150391,1.64657,1.04202,0.01116,0.0043178,0.0105315,168.41,0.0009381,0.00193,0.00085,4.7,1.968626,3.256704,7.7,1.258539,1.6414,1.13766,54.41,6.788029,50.5486,66.42,3.161317,2.96211,2.85104,1884,-0.72,964,1,1,Africa,SSA,Atlantic Islands,STP,Lower Middle Income,IDA
178,Saudi Arabia,6.748,0.084,5.811,24917.41,54.53321,7.24516,46.28874,0.00063,2.26e-05,0.0005572,24917.41,0.0078365,0.00149,0.00667,10.16,0.3953545,6.602897,1327.26,469.2306,56.80502,397.48175,36.44,0.4219801,31.72416,4380.48,139.6267,12.14379,118.00166,22112,0.17,2149690,0,0,Asia,MNA,Middle East,SAU,High Income Non OECD,NC
179,Senegal,48.894,5.757,56.005,11698.34,185.5,233.28035,209.43292,0.08211,0.027923,0.0966195,11698.34,0.4796199,0.86481,0.54287,11.89,4.379212,10.2774,491.52,203.3462,233.01477,229.11507,86.36,9.465907,100.0,6740.59,509.1757,419.17969,572.36597,1643,-0.29,196722,0,0,Africa,SSA,Coastal West Africa,SEN,Low Income,IDA
180,Serbia and Montenegro,6.815,0.219,6.05,9887.04,21.85196,7.48513,19.12162,0.15363,0.0142307,0.1401162,9887.04,0.7584541,0.3725,0.66537,0.0,-1.38e-08,-9.23e-08,7.32,-3.51e-08,0.0,0.0,14.31,0.4272363,12.84294,4741.83,59.35355,13.30927,51.7114,8243,-0.21,91286,0,0,Europe,ECA,Eastern Europe,SCG,Upper Middle Income,IBRD
181,Seychelles,14.992,0.569,10.77,86.6,0.4210492,0.17077,0.29812,0.11039,0.0121071,0.0814608,86.6,0.004773,0.00278,0.00339,4.86,0.5775193,2.635477,1.66,0.279994,0.10348,0.19784,33.36,1.179396,24.22718,39.54,1.15384,0.30636,0.81341,8990,-0.65,455,1,1,Oceania,SSA,Indian Ocean Islands,SYC,Upper Middle Income,IBRD
182,Sierra Leone,33.156,11.31,34.688,5023.0,54.01294,196.76494,55.69715,0.01884,0.018564,0.0202531,5023.0,0.0472637,0.24687,0.04886,9.48,10.11257,7.482858,134.65,44.40723,147.40659,45.69888,54.41,17.27661,57.54594,3126.31,148.7931,354.83881,152.76476,631,-0.86,71740,0,0,Africa,SSA,Coastal West Africa,SLE,Low Income,IDA
183,Singapore,0.568,0.002,0.729,4608.17,0.8482767,0.03379,1.07403,0.00204,2.2e-05,0.0026959,4608.17,0.0047008,0.00027,0.00597,13.62,0.1589547,13.20585,196.98,93.37212,3.3895,117.98092,38.94,0.1352018,50.56215,0.0,0.0,0.0,0.0,45626,1.92,697,1,1,Asia,EAP,Southeast Asia,SGP,High Income Non OECD,NC
184,Slovak Republic,3.517,0.036,4.368,5455.41,6.222372,0.68827,7.61766,0.00698,0.0002087,0.0089022,5455.41,0.019005,0.00301,0.02333,0.0,0.0,0.0,-9999,-9999,-9999,-9999,8.32,0.0802106,10.44642,2369.83,17.24605,1.24879,21.02134,17064,1.14,49035,0,0,Europe,ECA,Eastern Europe,SVK,High Income OECD,NC
185,Slovenia,7.146,0.062,7.505,2007.71,4.653185,0.43084,4.81679,0.00264,6.61e-05,0.0028495,2007.71,0.0026477,0.00035,0.00275,0.0,0.0,0.0,12.68,0.0,0.0,0.0,14.31,0.1154849,15.19278,1031.96,12.91711,0.78294,13.31306,24984,0.81,20273,0,0,Europe,ECA,Eastern Europe,SVN,High Income Non OECD,NC
186,Solomon Islands,27.493,5.549,18.36,533.78,4.759342,10.25823,3.13279,0.04134,0.0240931,0.0283588,533.78,0.0110172,0.03405,0.00727,16.67,10.52521,8.402532,28.67,16.63096,32.66301,10.92492,33.36,6.267592,22.52322,437.91,12.77914,18.03125,8.37513,1839,-1.31,28896,1,0,Oceania,EAP,Pacific Islands,SLB,Lower Middle Income,IDA
187,Somalia,25.711,100.0,5.043,9558.67,79.70612,3310.72339,15.40995,8.90283,100.0,1.793966,9558.67,42.49235,2530.64331,8.23604,2.94,35.82529,0.4359019,115.85,11.87129,449.3063,2.29047,27.62,100.0,5.477083,6067.84,146.6037,3986.34229,28.22017,416,-2.77,637657,0,0,Africa,SSA,East Africa,SOM,Low Income,IDA
188,South Africa,21.416,0.426,25.306,48782.76,338.8303,72.00281,394.61673,0.20592,0.0118335,0.2499622,48782.76,5.015984,1.52831,5.85663,3.2,0.1988728,2.849194,393.47,43.74669,8.47082,50.84578,55.57,1.029377,66.38523,19152.11,931.0344,129.51839,1079.60327,9416,0.63,1219090,0,0,Africa,SSA,Southern Africa,ZAF,Upper Middle Income,IBRD
189,Spain,3.464,0.023,4.085,45910.36,51.57495,3.68168,59.94447,0.0073,0.000141,0.0088485,45910.36,0.1674474,0.01714,0.19511,5.68,0.1187041,5.052299,1381.17,272.8567,17.74825,316.49112,14.81,0.0921422,17.65355,10504.29,136.069,6.35866,157.46167,28191,1.27,505370,0,0,Europe,ECA,Western Europe,ESP,High Income OECD,NC
190,Sri Lanka,32.655,1.927,32.082,21128.77,223.7657,141.02359,216.68456,4.61972,0.7873262,4.662585,21128.77,48.73887,44.04155,47.31598,13.46,2.485228,9.982124,953.02,446.477,256.39557,431.46942,33.44,1.837194,33.21713,17938.33,524.784,216.50964,505.96469,3956,-0.28,65610,1,0,Asia,SAS,Southern Asia,LKA,Lower Middle Income,IDA
191,St. Helena,11.179,0.386,20.442,7.6,0.0275574,0.01016,0.04967,0.02852,0.0028419,0.0535718,7.6,0.0001082,6e-05,0.0002,12.28,1.325003,16.94033,0.3,0.1282807,0.04308,0.23075,33.36,1.071639,61.67425,2.51,0.0731115,0.01764,0.1312,3197,1.44,308,1,1,Oceania,ECA,Atlantic Islands,SHN,Lower Middle Income,NC
192,St. Kitts and Nevis,43.446,1.614,55.992,49.06,0.6913204,0.27431,0.87817,0.10761,0.0115466,0.1424733,49.06,0.0026364,0.0015,0.00336,10.77,1.251977,10.47757,1.67,0.626424,0.22648,0.79412,65.39,2.261561,85.19674,33.21,1.899409,0.49337,2.40227,4532,0.5,261,1,1,Latin America & Caribbean,LCR,Caribbean Islands,KNA,Upper Middle Income,IBRD
193,St. Lucia,45.923,2.828,63.5,159.59,2.376767,1.56297,3.23936,0.0767,0.0136402,0.1089593,159.59,0.0061121,0.00576,0.00835,2.1,0.4037321,2.187375,1.4,0.1019509,0.06109,0.13867,65.39,3.748141,91.41051,115.16,6.586941,2.8356,8.93842,2508,0.4,616,1,1,Latin America & Caribbean,LCR,Caribbean Islands,LCA,Upper Middle Income,Blend
194,St. Pierre and Miquelon,12.307,0.205,19.919,6.05,0.0241428,0.00429,0.03852,0.09913,0.0047632,0.1648218,6.05,0.0002994,8e-05,0.00048,61.46,3.198211,75.06061,1.14,2.427218,0.39299,3.86429,5.49,0.0850422,8.984419,1.14,0.0054984,0.00064,0.00873,7701,1.57,242,1,1,North America,NAM,North America,SPM,Upper Middle Income,NC
195,St. Vincent and the Grenadines,34.114,2.248,47.917,104.94,1.161017,0.81715,1.60738,0.1677,0.0319184,0.2419884,104.94,0.0087873,0.00887,0.0122,10.06,2.074079,10.66505,3.39,1.186273,0.76078,1.63901,65.39,4.011584,92.8547,55.58,3.178893,1.46466,4.38188,2298,0.4,389,1,1,Latin America & Caribbean,LCR,Caribbean Islands,VCT,Upper Middle Income,Blend
196,Sudan,57.531,12.058,37.238,41680.79,777.6895,1740.8053,496.14941,6.43651,3.896145,4.279898,41680.79,133.959,429.93683,85.67933,0.46,0.2986638,0.2225182,88.63,1.404858,2.86543,0.89445,93.34,18.21241,61.08026,23574.65,1924.911,2820.67578,1222.70667,1838,-1.36,2505813,0,0,Africa,SSA,East Africa,SDN,Lower Middle Income,IDA
197,Suriname,16.46,0.689,11.962,476.0,2.541008,1.13589,1.82008,0.06076,0.0073447,0.0453591,476.0,0.0144408,0.00926,0.01037,52.45,6.866953,28.76317,56.11,102.3944,41.70818,73.19419,42.68,1.662952,31.35472,119.38,4.456776,1.30422,3.17841,8041,-0.67,163820,0,0,Latin America & Caribbean,LCR,Northern South America,SUR,Upper Middle Income,IBRD
198,Svalbard and Jan Mayen,13.865,0.057,15.488,2.16,0.0097352,0.00042,0.01072,0.00262,3.09e-05,0.0030081,2.16,2.83e-06,0.0,0.0,31.64,0.4034562,26.66919,0.22,0.2468102,0.00979,0.2712,33.36,0.1266157,37.67484,0.71,0.0208244,0.00059,0.02283,49416,1.44,62422,1,0,Oceania,ECA,Atlantic Islands,SJM,High Income Non OECD,NC
199,Swaziland,46.052,2.622,38.115,1319.1,19.70145,11.9817,16.07174,0.08083,0.0132936,0.0687261,1319.1,0.0532407,0.04643,0.04354,0.0,0.0,0.0,-9999,-9999,-9999,-9999,63.06,3.342873,52.76373,990.12,54.61708,21.74437,44.36068,5045,-0.57,17364,0,0,Africa,SSA,Southern Africa,SWZ,Lower Middle Income,IBRD
200,Sweden,-2.53,-0.013,-3.237,9045.39,-7.422369,-0.40434,-9.35866,0.00068,1.01e-05,0.0008972,9045.39,0.0030836,0.00024,0.0039,6.66,0.1061827,6.424489,269.38,62.37893,3.09641,78.49202,-18.14,-0.086118,-23.45467,1398.42,-22.18532,-0.79117,-27.85108,33504,1.68,450295,0,0,Europe,ECA,Western Europe,SWE,High Income OECD,NC
201,Switzerland,2.146,0.01,2.678,7581.52,5.276938,0.26855,6.49093,0.00331,4.55e-05,0.0042417,7581.52,0.0125249,0.00091,0.01545,0.0,0.0,0.0,-9999,-9999,-9999,-9999,8.32,0.0369036,10.49607,2010.62,14.63195,0.48746,17.91978,36961,1.66,41277,0,0,Europe,ECA,Western Europe,CHE,High Income OECD,NC
202,Syrian Arab Republic,19.982,1.914,12.494,21324.86,138.1957,141.35995,85.17046,0.00651,0.0018006,0.0041814,21324.86,0.0693135,0.10166,0.04283,0.0,0.0,0.0,60.75,0.0,0.0,0.0,44.93,4.005497,28.39815,9762.52,383.6438,256.89676,235.41168,4204,-1.17,185180,0,0,Asia,MNA,Middle East,SYR,Lower Middle Income,IBRD
203,Taiwan (China),5.566,0.036,6.047,22920.95,41.37842,2.86478,44.30753,0.10499,0.0019656,0.11717,22920.95,1.201585,0.11928,1.2899,20.09,0.4073308,16.4685,1833.13,1281.309,80.83224,1369.22253,12.15,0.0732995,13.34007,7584.92,80.58916,3.65252,85.91826,32100,1.07,35980,1,0,Asia,EAP,Northeast Asia,TWN,High Income Non OECD,NC
204,Tajikistan,7.777,1.37,6.455,7211.88,18.18938,34.21532,14.88008,0.78748,0.4005729,0.6714324,7211.88,2.835778,7.64828,2.32572,0.0,0.0,0.0,-9999,-9999,-9999,-9999,9.82,1.609591,8.237041,5303.62,45.54356,56.0826,37.09537,1620,-0.97,143100,0,0,Asia,ECA,Western Asia,TJK,Low Income,IDA
205,Tanzania,30.918,5.674,37.109,40213.16,403.231,790.22473,477.02261,1.80821,0.9582644,2.229511,40213.16,36.30794,102.02044,43.06106,2.52,1.444794,2.279895,553.82,48.50766,86.62043,57.26801,40.27,6.878168,48.8576,29950.76,1054.935,1353.38379,1242.5564,995,-0.39,947300,0,0,Africa,SSA,East Africa,TZA,Low Income,IDA
206,Thailand,32.589,0.862,34.876,66187.27,699.5482,197.65044,737.89038,3.96066,0.3026134,4.354298,66187.27,130.8962,53.0269,138.42018,12.58,1.040976,10.15911,2758.54,1207.451,310.85855,1271.04297,43.59,1.073599,47.16363,44133.67,1682.96,311.28094,1767.47522,7977,0.26,513120,0,0,Asia,EAP,Southeast Asia,THA,Lower Middle Income,IBRD
207,Timor-Leste,23.668,4.45,14.479,1108.78,8.510806,17.08924,5.13175,0.09389,0.0509806,0.0590043,1108.78,0.0519806,0.14965,0.03142,2.29,1.344629,1.055519,10.01,0.7967165,1.4577,0.47942,33.36,5.838848,20.63199,806.08,23.52316,30.92047,14.12199,2195,-1.4,14874,1,0,Oceania,EAP,Pacific Islands,TMP,Lower Middle Income,IDA
208,Togo,31.302,10.207,28.325,6220.35,63.14738,219.89888,56.32117,0.04246,0.0399812,0.0394676,6220.35,0.1318705,0.65842,0.11791,17.17,17.51575,11.7273,227.54,135.9699,431.44342,121.02522,54.41,16.51491,49.77324,3607.8,171.709,391.43457,152.48065,787,-1.05,56785,0,0,Africa,SSA,Coastal West Africa,TGO,Low Income,IDA
209,Tokelau,18.076,2.933,20.265,1.47,0.0086002,0.0149,0.0095,0.03923,0.0183785,0.0451767,1.47,2.87e-05,7e-05,3e-05,28.96,14.69553,24.50043,0.13,0.1317244,0.20796,0.14526,33.36,5.038202,37.81067,0.7,0.0205204,0.02327,0.02258,1223,-0.46,12,1,1,Oceania,EAP,Pacific Islands,TKL,Low Income,NC
210,Tonga,27.366,3.388,24.328,119.01,1.056245,1.39651,0.9255,0.13249,0.0473688,0.1209933,119.01,0.0078729,0.01492,0.00692,31.04,12.02115,20.82573,11.31,12.21247,14.71287,10.67909,33.36,3.84464,29.98197,89.52,2.612342,2.26104,2.27903,2124,-0.75,747,1,1,Oceania,EAP,Pacific Islands,TON,Lower Middle Income,IDA
211,Trinidad and Tobago,55.92,0.702,59.065,1231.32,22.33086,2.99209,23.24833,0.00915,0.0003317,0.0099334,1231.32,0.0056285,0.00108,0.00587,15.98,0.6271032,12.73729,63.08,35.07464,4.28228,36.44147,65.39,0.7636986,69.82491,1068.54,61.12049,5.3611,63.3546,17127,0.62,5128,1,1,Latin America & Caribbean,LCR,Caribbean Islands,TTO,High Income Non OECD,IBRD
212,Tunisia,20.181,0.631,20.863,10383.58,67.96104,22.70037,69.25047,0.00089,8.07e-05,0.0009487,10383.58,0.0046314,0.00222,0.00473,13.77,1.346694,10.73938,536.07,256.7713,78.15067,261.11136,59.9,1.743959,62.60326,3478.5,182.2623,39.85367,184.9119,7032,0.11,163610,0,0,Africa,MNA,North Africa,TUN,Lower Middle Income,IBRD
213,Turkey,8.322,0.22,8.724,75793.84,204.5617,57.79135,211.36496,0.01249,0.0009541,0.0134492,75793.84,0.4726402,0.19145,0.4896,5.08,0.420027,4.015762,1691.31,298.7395,76.9032,308.04764,26.96,0.6637649,28.5664,23738.63,559.7232,103.51667,575.82062,8179,0.22,783562,0,0,Asia,ECA,Middle East,TUR,Upper Middle Income,IBRD
214,Turkmenistan,4.901,1.608,1.841,4829.33,7.676844,26.90365,2.84135,0.00253,0.0024002,0.000977,4829.33,0.0061072,0.03069,0.00227,0.0,0.0,0.0,-9999,-9999,-9999,-9999,9.82,2.998756,3.726712,2481.31,21.30766,48.88355,7.85205,2265,-2.03,488100,0,0,Asia,ECA,Western Asia,TKM,Lower Middle Income,IBRD
215,Turks and Caicos Islands,36.051,0.59,39.762,22.35,0.2613369,0.04567,0.2841,0.01197,0.0005655,0.0135612,22.35,0.0001336,3e-05,0.00015,61.6,3.152457,51.26999,4.18,8.955362,1.42587,9.71576,65.39,0.9959484,72.91238,8.75,0.50035,0.05723,0.54157,12454,0.58,948,1,1,Latin America & Caribbean,LCR,Caribbean Islands,TCA,High Income Non OECD,NC
216,Tuvalu,31.636,4.708,22.121,10.34,0.1060791,0.16861,0.07311,0.12035,0.0517305,0.0864539,10.34,0.0006213,0.00142,0.00043,73.92,34.40878,39.00247,2.3,5.921472,8.57606,4.0728,33.36,4.621896,23.58269,4.96,0.1446223,0.15048,0.09924,2360,-1.16,26,1,1,Oceania,EAP,Pacific Islands,TUV,Lower Middle Income,NC
217,Uganda,27.688,4.754,38.768,31367.97,281.6786,516.48712,388.73001,4.18259,2.073918,6.016116,31367.97,65.51144,172.23116,90.63782,0.0,0.0,0.0,-9999,-9999,-9999,-9999,27.95,4.467614,39.5672,27296.41,667.448,801.16425,917.10046,883,-0.08,241038,0,0,Africa,SSA,East Africa,UGA,Low Income,IDA
218,Ukraine,2.734,0.116,2.345,45994.29,40.78272,18.45018,34.4829,0.01832,0.002241,0.0161431,45994.29,0.4207002,0.27289,0.35661,2.41,0.3198191,1.56253,498.36,41.85568,17.25409,35.31821,8.65,0.3411838,7.50348,14727.37,111.4631,33.01064,93.83483,6501,-0.39,603550,0,0,Europe,ECA,Eastern Europe,UKR,Lower Middle Income,IBRD
219,United Arab Emirates,10.596,0.078,9.733,4621.4,15.8806,1.24533,14.378,0.00106,2.24e-05,0.0009968,4621.4,0.0024375,0.00027,0.00221,13.26,0.3045923,9.192951,338.2,156.0648,11.15153,141.01108,44.93,0.3070723,41.71835,1022.25,40.17215,2.06224,36.21278,34704,0.58,83600,0,0,Asia,MNA,Middle East,ARE,High Income Non OECD,NC
220,United Kingdom,1.26,0.006,1.662,61642.6,25.19419,1.34764,32.75632,0.02117,0.0003062,0.028682,61642.6,0.6514858,0.04997,0.84918,13.94,0.2184058,13.8773,2756.97,1337.371,65.18381,1735.25488,6.49,0.0302552,8.653484,6201.25,35.20029,1.23259,45.56654,32880,1.79,243610,0,0,Europe,ECA,Western Europe,GBR,High Income OECD,NC
221,United States,4.027,0.017,4.789,304374.84,397.4987,18.44526,465.94937,2.70263,0.0339138,3.301914,304374.84,410.7526,27.32865,482.70456,3.78,0.0514153,3.395216,5879.21,773.914,32.72314,905.34119,7.49,0.0302846,9.002172,55700.61,364.817,11.08211,425.77811,42979,1.58,9826675,0,0,North America,NAM,North America,USA,High Income OECD,NC
222,Uruguay,3.264,0.077,3.121,3477.78,3.681801,0.92181,3.46943,0.19554,0.0132389,0.1920456,3477.78,0.3395604,0.1219,0.32078,3.81,0.2790912,2.745889,35.83,4.745449,1.08261,4.46264,40.6,0.8859971,39.23914,267.79,9.510094,1.55871,8.92253,10321,0.08,176215,0,0,Latin America & Caribbean,LCR,Southern South America,URY,Upper Middle Income,IBRD
223,Uzbekistan,12.358,2.35,7.521,27345.03,109.5948,222.54559,65.74266,0.00337,0.0018499,0.0021062,27345.03,0.045998,0.13392,0.02766,0.0,0.0,0.0,-9999,-9999,-9999,-9999,20.13,3.563488,12.38724,17276.59,304.2608,404.45816,181.72249,2184,-1.41,447400,0,0,Asia,ECA,Western Asia,UZB,Low Income,Blend
224,Vanuatu,24.785,3.592,22.646,215.45,1.731801,2.68038,1.55964,0.37222,0.1557911,0.3493865,215.45,0.0400431,0.08886,0.03615,3.67,1.662681,2.529049,2.66,0.3397326,0.47912,0.30534,33.36,4.50063,30.81568,162.1,4.730469,4.79293,4.24165,1754,-0.76,12189,1,1,Oceania,EAP,Pacific Islands,VUT,Lower Middle Income,IDA
225,"Venezuela, RB",3.604,0.206,1.616,26414.82,30.8714,18.825,13.64465,0.13212,0.0217858,0.0608606,26414.82,1.742554,1.52354,0.77213,3.74,0.667542,1.264814,229.73,29.87722,16.60091,13.1784,53.08,2.821175,24.06181,1764.51,81.92516,32.70351,36.05193,10559,-1.44,912050,0,0,Latin America & Caribbean,LCR,Northern South America,VEN,Upper Middle Income,IBRD
226,Vietnam,36.566,3.692,35.407,87558.36,1038.346,1119.77136,991.01385,15.25752,4.449506,15.17742,87558.36,667.0629,1031.43787,638.26715,37.18,11.74374,27.16925,10031.78,12978.58,12750.0,12360.0,25.12,2.361702,24.59498,63182.11,1388.589,980.30121,1319.52209,2349,-0.53,331210,0,0,Asia,EAP,Southeast Asia,VNM,Low Income,Blend
227,Virgin Islands (U.S.),7.514,0.096,7.917,109.83,0.2676679,0.03646,0.27797,0.02288,0.0008426,0.0247606,109.83,0.0012546,0.00024,0.00131,36.32,1.448611,28.87319,13.16,16.63439,2.06444,17.23965,65.39,0.776311,69.65128,5.65,0.3229142,0.02879,0.33389,16899,0.61,1910,1,1,Latin America & Caribbean,LCR,Caribbean Islands,VIR,High Income Non OECD,NC
228,Wallis and Futuna,22.691,1.369,20.246,15.24,0.112128,0.07223,0.09861,0.03767,0.0065622,0.0345293,15.24,0.0002866,0.00026,0.00025,49.2,9.282417,33.12718,2.27,3.887718,2.28199,3.41208,33.36,1.873182,30.09219,7.3,0.2131356,0.08988,0.18662,4349,-0.46,142,1,1,Oceania,EAP,Pacific Islands,WLF,Lower Middle Income,NC
229,West Bank and Gaza,13.298,2.001,9.585,3907.88,16.85332,27.0901,11.97325,0.01779,0.0077349,0.0131763,3907.88,0.0347231,0.08003,0.02473,17.44,8.210146,9.485776,235.13,142.6798,208.97821,101.15926,44.93,6.294331,32.73572,1098.11,43.15332,45.40857,30.52431,2250,-1.12,6220,0,0,Asia,MNA,Middle East,WBG,Lower Middle Income,NC
230,"Yemen, Rep.",31.652,3.62,28.382,22222.85,228.1246,278.60455,201.6212,0.02206,0.0072853,0.0203203,22222.85,0.2447798,0.42863,0.21689,1.83,0.6548447,1.238816,262.77,16.73875,18.6274,14.76398,46.92,4.99489,42.53484,15413.77,632.6456,505.79559,556.71088,2276,-0.7,527968,0,0,Asia,MNA,Middle East,YEM,Low Income,IDA
231,Zambia,42.174,6.204,49.706,12694.23,173.6274,272.77444,201.69878,0.86975,0.3695061,1.05307,12694.23,5.51299,12.41828,6.42052,0.0,0.0,0.0,-9999,-9999,-9999,-9999,65.89,9.022798,78.50762,8197.93,472.5003,485.9436,546.50262,1270,-0.33,752618,0,0,Africa,SSA,Central Africa,ZMB,Low Income,IDA
232,Zimbabwe,38.495,20.339,13.382,11350.11,141.7012,799.57617,48.55132,0.11957,0.1824573,0.042701,11350.11,0.6776723,5.48271,0.23278,0.0,0.0,0.0,-9999,-9999,-9999,-9999,63.06,31.01604,22.16147,7111.98,392.3127,1449.16296,133.8336,1542,-2.18,390757,0,0,Africa,SSA,Southern Africa,ZWE,Low Income,Blend
